,price
957,72.0
958,307.0
959,106.0
960,81.0
961,59.0
962,311.0
963,361.0
964,412.0
965,226.0
966,288.0
967,215.0
968,216.0
969,153.0
970,184.0
971,163.0
972,124.0
973,62.0
974,442.0
975,265.0
976,207.0
977,216.0
978,270.0
979,308.0
980,226.0
981,216.0
982,216.0
983,208.0
984,243.0
985,271.0
986,198.0
987,199.0
988,202.0
989,200.0
990,201.0
991,190.0
992,163.0
993,163.0
994,155.0
995,155.0
996,169.0
997,180.0
998,169.0
999,155.0
1000,153.0
1001,180.0
1002,180.0
1003,155.0
1004,135.0
1005,127.0
1006,144.0
1007,139.0
1008,135.0
1009,135.0
1010,127.0
1011,134.0
1012,135.0
1013,108.0
1014,108.0
1015,108.0
1016,361.0
1017,353.0
1018,330.0
1019,361.0
1020,315.0
1021,324.0
1064,361.0
1065,359.0
1066,433.0
1067,350.0
1068,495.0
1069,226.0
1070,258.0
1071,216.0
1072,258.0
1073,309.0
1074,236.0
1075,226.0
1076,298.0
1077,263.0
1078,216.0
1079,252.0
1080,265.0
1081,243.0
1082,258.0
1083,278.0
1084,242.0
1085,288.0
1086,270.0
1087,231.0
1088,270.0
1089,226.0
1090,288.0
1091,249.0
1092,243.0
1093,271.0
1094,231.0
1095,252.0
1096,246.0
1097,278.0
1098,308.0
1099,256.0
1100,243.0
1101,261.0
1102,263.0
1103,207.0
1104,302.0
1105,271.0
1106,271.0
1107,199.0
1108,199.0
1109,204.0
1110,194.0
1111,196.0
1112,188.0
1113,199.0
1114,185.0
1115,191.0
1116,191.0
1117,155.0
1118,157.0
1119,163.0
1120,170.0
1121,165.0
1122,163.0
1123,155.0
1124,155.0
1125,180.0
1126,180.0
1127,163.0
1128,180.0
1129,163.0
1130,175.0
1131,153.0
1132,180.0
1133,178.0
1134,165.0
1135,175.0
1136,157.0
1137,155.0
1138,155.0
1139,159.0
1140,180.0
1141,173.0
1142,162.0
1143,180.0
1144,165.0
1145,180.0
1146,163.0
1147,155.0
1148,180.0
1149,163.0
1150,180.0
1151,180.0
1152,163.0
1153,155.0
1154,180.0
1155,163.0
1156,163.0
1157,146.0
1158,184.0
1159,171.0
1160,153.0
1161,163.0
1162,172.0
1163,155.0
1164,134.0
1165,129.0
1166,135.0
1167,135.0
1168,135.0
1169,129.0
1170,134.0
1171,135.0
1172,129.0
1173,135.0
1174,139.0
1175,134.0
1176,135.0
1177,134.0
1178,127.0
1179,129.0
1180,135.0
1181,135.0
1182,136.0
1183,130.0
1184,125.0
1185,135.0
1186,129.0
1187,139.0
1188,135.0
1189,143.0
1190,123.0
1191,115.0
1192,113.0
1193,117.0
1194,118.0
1195,112.0
1196,115.0
1197,117.0
1198,108.0
1199,108.0
1200,113.0
1201,113.0
1202,112.0
1203,387.0
1204,406.0
1205,315.0
1206,406.0
1207,515.0
1208,371.0
1209,451.0
1210,361.0
1211,350.0
1212,315.0
1213,376.0
1214,361.0
1215,412.0
1216,343.0
1217,361.0
1218,361.0
1219,315.0
1220,361.0
1221,361.0
1222,247.0
1223,298.0
1224,207.0
1225,298.0
1226,262.0
1227,226.0
1228,309.0
1229,271.0
1230,243.0
1231,226.0
1232,271.0
1233,216.0
1234,309.0
1235,216.0
1236,309.0
1237,216.0
1238,226.0
1239,235.0
1240,271.0
1241,216.0
1242,207.0
1243,243.0
1244,271.0
1245,243.0
1246,309.0
1247,271.0
1248,226.0
1249,243.0
1250,309.0
1251,243.0
1252,216.0
1253,243.0
1254,226.0
1255,207.0
1256,207.0
1257,252.0
1258,256.0
1259,268.0
1260,298.0
1261,216.0
1262,256.0
1263,226.0
1264,258.0
1265,216.0
1266,237.0
1267,256.0
1268,243.0
1269,216.0
1270,243.0
1271,231.0
1272,226.0
1273,271.0
1274,298.0
1275,256.0
1276,270.0
1277,216.0
1337,235.0
1338,207.0
1339,207.0
1340,216.0
1341,227.0
1342,227.0
1343,298.0
1344,216.0
1345,226.0
1346,216.0
1347,258.0
1348,252.0
1349,271.0
1350,235.0
1351,215.0
1352,226.0
1353,226.0
1354,207.0
1355,216.0
1356,271.0
1357,271.0
1358,226.0
1359,212.0
1360,226.0
1361,286.0
1362,252.0
1363,268.0
1364,279.0
1365,232.0
1366,252.0
1367,243.0
1368,207.0
1369,206.0
1370,227.0
1371,258.0
1372,309.0
1373,266.0
1374,258.0
1375,206.0
1376,309.0
1377,226.0
1378,262.0
1379,302.0
1380,226.0
1381,271.0
1382,216.0
1383,298.0
1384,297.0
1385,226.0
1386,258.0
1387,271.0
1388,247.0
1389,262.0
1390,258.0
1391,305.0
1392,279.0
1393,271.0
1394,207.0
1395,270.0
1396,306.0
1397,289.0
1398,249.0
1399,271.0
1400,206.0
1401,226.0
1402,270.0
1403,227.0
1404,226.0
1405,226.0
1406,254.0
1407,271.0
1408,271.0
1409,298.0
1410,243.0
1411,227.0
1412,288.0
1413,247.0
1414,271.0
1415,199.0
1416,206.0
1417,206.0
1418,202.0
1419,206.0
1420,199.0
1421,206.0
1422,206.0
1423,199.0
1424,206.0
1425,206.0
1426,199.0
1427,185.0
1428,186.0
1429,205.0
1430,206.0
1431,199.0
1432,199.0
1433,195.0
1434,203.0
1435,185.0
1436,185.0
1437,206.0
1438,199.0
1439,196.0
1440,202.0
1441,199.0
1442,190.0
1443,204.0
1444,199.0
1445,186.0
1446,186.0
1447,206.0
1448,196.0
1449,185.0
1450,206.0
1451,206.0
1452,206.0
1453,206.0
1454,206.0
1455,191.0
1456,199.0
1457,206.0
1458,206.0
1459,205.0
1460,196.0
1461,193.0
1462,185.0
1463,201.0
1464,200.0
1465,194.0
1466,199.0
1467,199.0
1468,195.0
1469,190.0
1470,199.0
1471,185.0
1472,188.0
1473,196.0
1474,195.0
1475,199.0
1476,190.0
1477,153.0
1478,180.0
1479,176.0
1480,153.0
1481,175.0
1482,163.0
1483,180.0
1484,155.0
1485,149.0
1486,166.0
1487,146.0
1488,185.0
1489,180.0
1490,155.0
1491,180.0
1492,149.0
1493,175.0
1494,171.0
1495,149.0
1496,155.0
1497,163.0
1498,180.0
1499,185.0
1500,163.0
1501,153.0
1502,171.0
1503,153.0
1504,180.0
1505,175.0
1506,185.0
1507,148.0
1508,185.0
1509,163.0
1510,180.0
1511,169.0
1512,185.0
1513,175.0
1514,153.0
1515,144.0
1516,156.0
1517,145.0
1518,161.0
1519,180.0
1520,155.0
1521,153.0
1522,158.0
1523,175.0
1524,155.0
1525,149.0
1526,185.0
1527,153.0
1528,159.0
1529,155.0
1530,185.0
1531,185.0
1532,180.0
1533,153.0
1534,180.0
1535,152.0
1536,180.0
1537,165.0
1538,180.0
1539,180.0
1540,180.0
1541,155.0
1542,185.0
1543,149.0
1544,174.0
1545,155.0
1546,180.0
1547,180.0
1548,180.0
1549,180.0
1550,179.0
1551,185.0
1552,184.0
1553,108.0
1554,124.0
1555,122.0
1556,113.0
1557,117.0
1558,108.0
1559,114.0
1560,106.0
1561,106.0
1562,117.0
1563,117.0
1564,108.0
1565,113.0
1566,108.0
1567,117.0
1568,108.0
1569,108.0
1570,117.0
1571,108.0
1572,108.0
1573,108.0
1574,108.0
1575,117.0
1576,117.0
1577,121.0
1578,108.0
1579,108.0
1580,115.0
1581,108.0
1582,105.0
1583,108.0
1584,117.0
1585,107.0
1586,122.0
1587,108.0
1588,106.0
1589,113.0
1590,108.0
1591,113.0
1592,122.0
1593,113.0
1594,123.0
1595,117.0
1596,108.0
1597,113.0
1598,117.0
1599,118.0
1600,104.0
1601,113.0
1602,113.0
1603,117.0
1604,117.0
1605,112.0
1606,122.0
1607,124.0
1608,117.0
1609,105.0
1610,95.0
1611,92.0
1612,102.0
1613,91.0
1614,65.0
1615,66.0
1616,27.0
1617,38.0
1618,29.0
1619,10376.0
1620,1804.0
1621,1804.0
1622,2266.0
1623,1082.0
1624,1533.0
1625,1236.0
1626,1082.0
1627,1398.0
1628,812.0
1629,812.0
1630,793.0
1631,899.0
1632,901.0
1633,856.0
1634,992.0
1635,901.0
1636,900.0
1637,901.0
1638,812.0
1639,586.0
1640,688.0
1641,721.0
1642,561.0
1643,595.0
1644,568.0
1645,631.0
1646,412.0
1647,315.0
1648,412.0
1649,406.0
1650,408.0
1651,499.0
1652,324.0
1653,315.0
1654,515.0
1655,345.0
1656,515.0
1657,315.0
1658,451.0
1659,412.0
1660,361.0
1661,515.0
1662,361.0
1663,515.0
1664,515.0
1665,315.0
1666,330.0
1667,350.0
1668,406.0
1669,381.0
1670,495.0
1671,451.0
1672,164.0
1673,180.0
1674,144.0
1675,163.0
1676,159.0
1677,153.0
1678,185.0
1679,175.0
1680,163.0
1681,153.0
1682,180.0
1683,171.0
1684,155.0
1685,149.0
1686,180.0
1687,163.0
1688,175.0
1689,175.0
1690,163.0
1691,155.0
1692,180.0
1693,153.0
1694,169.0
1695,170.0
1696,158.0
1697,165.0
1698,155.0
1699,173.0
1700,174.0
1701,175.0
1702,160.0
1703,159.0
1704,161.0
1705,171.0
1706,155.0
1707,163.0
1708,171.0
1709,163.0
1710,156.0
1711,171.0
1712,163.0
1713,155.0
1714,175.0
1715,164.0
1716,162.0
1717,155.0
1718,135.0
1719,144.0
1720,134.0
1721,135.0
1722,144.0
1723,135.0
1724,127.0
1725,135.0
1726,138.0
1727,127.0
1728,124.0
1729,124.0
1730,134.0
1731,144.0
1732,134.0
1733,127.0
1734,127.0
1735,132.0
1736,135.0
1737,127.0
1738,127.0
1739,135.0
1740,135.0
1741,134.0
1742,135.0
1743,135.0
1744,135.0
1745,135.0
1746,135.0
1747,143.0
1748,124.0
1749,140.0
1750,135.0
1751,140.0
1752,124.0
1753,144.0
1754,134.0
1755,132.0
1756,144.0
1757,135.0
1758,134.0
1759,125.0
1760,135.0
1761,135.0
1762,124.0
1763,135.0
1764,144.0
1765,144.0
1766,144.0
1767,144.0
1768,135.0
1769,133.0
1770,140.0
1771,127.0
1772,134.0
1773,144.0
1774,144.0
1775,135.0
1776,140.0
1777,144.0
1778,135.0
1779,144.0
1780,135.0
1781,144.0
1782,126.0
1783,134.0
1784,134.0
1785,135.0
1786,135.0
1787,139.0
1788,135.0
1789,125.0
1790,135.0
1791,144.0
1792,142.0
1793,141.0
1794,129.0
1795,143.0
1796,127.0
1797,127.0
1798,127.0
1799,134.0
1800,125.0
1801,127.0
1802,124.0
1803,124.0
1804,124.0
1805,134.0
1806,115.0
1807,108.0
1808,108.0
1809,124.0
1810,108.0
1811,112.0
1812,108.0
1813,107.0
1814,117.0
1815,124.0
1816,124.0
1817,113.0
1818,108.0
1819,117.0
1820,108.0
1821,113.0
1822,108.0
1823,108.0
1824,108.0
1825,117.0
1826,108.0
1827,117.0
1828,108.0
1829,108.0
1830,117.0
1831,108.0
1832,108.0
1833,124.0
1834,108.0
1835,108.0
1836,124.0
1837,117.0
1838,113.0
1839,108.0
1840,108.0
1841,124.0
1842,108.0
1843,108.0
1844,117.0
1845,113.0
1846,108.0
1847,108.0
1848,124.0
1849,107.0
1850,115.0
1851,124.0
1852,124.0
1853,124.0
1854,113.0
1855,124.0
1856,124.0
1857,118.0
1858,113.0
1859,124.0
1860,108.0
1861,117.0
1862,108.0
1863,124.0
1864,108.0
1865,122.0
1866,124.0
1867,113.0
1868,108.0
1869,113.0
1870,117.0
1871,108.0
1872,124.0
1873,124.0
1874,105.0
1875,108.0
1876,117.0
1877,113.0
1878,113.0
1879,104.0
1880,190.0
1881,187.0
1882,199.0
1883,204.0
1884,206.0
1885,190.0
1886,187.0
1887,180.0
1888,180.0
1889,180.0
1890,148.0
1891,180.0
1892,185.0
1893,180.0
1894,180.0
1895,155.0
1896,180.0
1897,180.0
1898,163.0
1899,163.0
1900,153.0
1901,163.0
1902,163.0
1903,162.0
1904,164.0
1905,153.0
1906,163.0
1907,185.0
1908,144.0
1909,153.0
1910,180.0
1911,153.0
1912,180.0
1913,163.0
1914,180.0
1915,185.0
1916,175.0
1917,146.0
1918,167.0
1919,180.0
1920,165.0
1921,158.0
1922,180.0
1923,122.0
1924,124.0
1925,108.0
1926,108.0
1927,105.0
1928,113.0
1929,113.0
1930,113.0
1931,124.0
1932,123.0
1933,117.0
1934,108.0
1935,124.0
1936,117.0
1937,115.0
1938,115.0
1939,115.0
1940,108.0
1941,122.0
1942,124.0
1943,124.0
1944,110.0
1945,112.0
1946,117.0
1947,113.0
1948,117.0
1949,118.0
1950,117.0
1951,113.0
1952,116.0
1953,108.0
1954,122.0
1955,104.0
1956,117.0
1957,122.0
1958,115.0
1959,124.0
1960,112.0
1961,117.0
1962,106.0
1963,118.0
1964,117.0
1965,109.0
1966,113.0
1967,113.0
1968,104.0
1969,117.0
1970,112.0
1971,108.0
1972,123.0
1973,108.0
1974,108.0
1975,108.0
1976,122.0
1977,108.0
1978,122.0
1979,117.0
1980,90.0
1981,91.0
1982,91.0
1983,85.0
1984,91.0
1985,91.0
1986,91.0
1987,102.0
1988,103.0
1989,85.0
1990,85.0
1991,90.0
1992,91.0
1993,92.0
1994,91.0
1995,91.0
1996,91.0
1997,89.0
1998,99.0
1999,99.0
2000,91.0
2001,98.0
2002,91.0
2003,102.0
2004,99.0
2005,99.0
2006,100.0
2007,99.0
2008,103.0
2009,91.0
2010,99.0
2011,99.0
2012,83.0
2013,99.0
2014,102.0
2015,98.0
2016,92.0
2017,103.0
2018,99.0
2019,88.0
2020,88.0
2021,91.0
2022,93.0
2023,89.0
2024,89.0
2025,91.0
2026,91.0
2027,94.0
2028,98.0
2029,93.0
2030,103.0
2031,103.0
2032,88.0
2033,99.0
2034,90.0
2035,103.0
2036,91.0
2037,92.0
2038,84.0
2039,88.0
2040,91.0
2041,91.0
2042,91.0
2043,102.0
2044,95.0
2045,92.0
2046,91.0
2047,85.0
2048,91.0
2049,90.0
2050,67.0
2051,81.0
2052,77.0
2053,66.0
2054,81.0
2055,81.0
2056,76.0
2057,72.0
2058,69.0
2059,81.0
2060,63.0
2061,67.0
2062,81.0
2063,72.0
2064,65.0
2065,68.0
2066,72.0
2067,81.0
2068,76.0
2069,63.0
2070,63.0
2071,63.0
2072,69.0
2073,82.0
2074,66.0
2075,72.0
2076,72.0
2077,81.0
2078,66.0
2079,80.0
2080,80.0
2081,64.0
2082,70.0
2083,72.0
2084,80.0
2085,82.0
2086,63.0
2087,70.0
2088,66.0
2089,70.0
2090,65.0
2091,69.0
2092,72.0
2093,81.0
2094,67.0
2095,81.0
2096,82.0
2097,67.0
2098,70.0
2099,82.0
2100,77.0
2101,81.0
2102,76.0
2103,81.0
2104,63.0
2105,66.0
2106,72.0
2107,63.0
2108,66.0
2109,67.0
2110,81.0
2111,67.0
2112,76.0
2113,64.0
2114,71.0
2115,82.0
2116,71.0
2117,66.0
2118,81.0
2119,76.0
2120,67.0
2121,67.0
2122,65.0
2123,135.0
2124,135.0
2125,134.0
2126,135.0
2127,144.0
2128,144.0
2129,129.0
2130,129.0
2131,134.0
2132,144.0
2133,126.0
2134,138.0
2135,135.0
2136,142.0
2137,141.0
2138,124.0
2139,134.0
2140,144.0
2141,143.0
2142,144.0
2143,135.0
2144,144.0
2145,135.0
2146,124.0
2147,134.0
2148,144.0
2149,126.0
2150,144.0
2151,144.0
2152,141.0
2153,139.0
2154,127.0
2155,135.0
2156,134.0
2157,135.0
2158,134.0
2159,141.0
2160,131.0
2161,124.0
2162,135.0
2163,135.0
2164,134.0
2165,134.0
2166,133.0
2167,136.0
2168,134.0
2169,137.0
2170,144.0
2171,127.0
2172,135.0
2173,135.0
2174,135.0
2175,135.0
2176,135.0
2177,135.0
2178,144.0
2179,135.0
2180,135.0
2181,133.0
2182,135.0
2183,129.0
2184,143.0
2185,129.0
2186,135.0
2187,128.0
2188,134.0
2189,134.0
2190,144.0
2191,108.0
2192,108.0
2193,113.0
2194,108.0
2195,104.0
2196,123.0
2197,112.0
2198,124.0
2199,108.0
2200,124.0
2201,108.0
2202,117.0
2203,108.0
2204,108.0
2205,113.0
2206,108.0
2207,122.0
2208,66.0
2209,81.0
2210,67.0
2211,67.0
2212,63.0
2213,65.0
2214,63.0
2215,77.0
2216,63.0
2217,73.0
2218,76.0
2219,66.0
2220,63.0
2221,72.0
2222,72.0
2223,64.0
2224,68.0
2225,69.0
2226,63.0
2227,82.0
2228,70.0
2229,75.0
2230,68.0
2231,66.0
2232,72.0
2233,72.0
2234,82.0
2235,81.0
2236,67.0
2237,68.0
2238,67.0
2239,63.0
2240,67.0
2241,63.0
2242,63.0
2243,72.0
2244,65.0
2245,71.0
2246,72.0
2247,77.0
2248,65.0
2249,63.0
2250,65.0
2251,68.0
2252,68.0
2253,68.0
2254,81.0
2255,65.0
2256,65.0
2257,65.0
2258,67.0
2259,68.0
2260,81.0
2261,72.0
2262,65.0
2263,65.0
2264,79.0
2265,65.0
2266,65.0
2267,77.0
2268,65.0
2269,66.0
2270,81.0
2271,66.0
2272,63.0
2273,72.0
2274,70.0
2275,63.0
2276,72.0
2277,77.0
2278,72.0
2279,72.0
2280,72.0
2281,67.0
2282,63.0
2283,63.0
2284,77.0
2285,77.0
2286,63.0
2287,75.0
2288,66.0
2289,71.0
2290,73.0
2291,63.0
2292,78.0
2293,72.0
2294,69.0
2295,63.0
2296,72.0
2297,68.0
2298,72.0
2299,76.0
2300,70.0
2301,77.0
2302,70.0
2303,67.0
2304,65.0
2305,66.0
2306,63.0
2307,67.0
2308,75.0
2309,82.0
2310,72.0
2311,76.0
2312,81.0
2313,71.0
2314,68.0
2315,77.0
2316,67.0
2317,77.0
2318,74.0
2319,66.0
2320,76.0
2321,63.0
2322,81.0
2323,72.0
2324,80.0
2325,69.0
2326,72.0
2327,75.0
2328,80.0
2329,63.0
2330,65.0
2331,82.0
2332,64.0
2333,66.0
2334,68.0
2335,68.0
2336,68.0
2337,77.0
2338,82.0
2339,72.0
2340,63.0
2341,76.0
2342,80.0
2343,64.0
2344,72.0
2345,62.0
2346,72.0
2347,65.0
2348,80.0
2349,68.0
2350,76.0
2351,71.0
2352,72.0
2353,72.0
2354,72.0
2355,72.0
2356,62.0
2357,66.0
2358,76.0
2359,72.0
2360,66.0
2361,63.0
2362,68.0
2363,72.0
2364,68.0
2365,62.0
2366,68.0
2367,66.0
2368,66.0
2369,68.0
2370,82.0
2371,67.0
2372,67.0
2373,76.0
2374,79.0
2375,68.0
2376,71.0
2377,74.0
2378,74.0
2379,67.0
2380,68.0
2381,81.0
2382,82.0
2383,72.0
2384,64.0
2385,67.0
2386,82.0
2387,81.0
2388,72.0
2389,74.0
2390,67.0
2391,82.0
2392,81.0
2393,74.0
2394,70.0
2395,71.0
2396,72.0
2397,63.0
2398,72.0
2399,73.0
2400,82.0
2401,64.0
2402,72.0
2403,95.0
2404,94.0
2405,92.0
2406,95.0
2407,85.0
2408,102.0
2409,102.0
2410,91.0
2411,93.0
2412,90.0
2413,91.0
2414,101.0
2415,101.0
2416,91.0
2417,93.0
2418,95.0
2419,87.0
2420,103.0
2421,91.0
2422,103.0
2423,84.0
2424,85.0
2425,91.0
2426,88.0
2427,98.0
2428,99.0
2429,98.0
2430,91.0
2431,103.0
2432,90.0
2433,93.0
2434,94.0
2435,91.0
2436,99.0
2437,93.0
2438,84.0
2439,99.0
2440,98.0
2441,99.0
2442,93.0
2443,103.0
2444,103.0
2445,91.0
2446,99.0
2447,103.0
2448,85.0
2449,91.0
2450,88.0
2451,88.0
2452,90.0
2453,99.0
2454,90.0
2455,93.0
2456,91.0
2457,95.0
2458,91.0
2459,91.0
2460,91.0
2461,84.0
2462,88.0
2463,93.0
2464,92.0
2465,88.0
2466,91.0
2467,98.0
2468,92.0
2469,103.0
2470,98.0
2471,98.0
2472,85.0
2473,103.0
2474,93.0
2475,93.0
2476,88.0
2477,98.0
2478,85.0
2479,102.0
2480,91.0
2481,88.0
2482,88.0
2483,99.0
2484,99.0
2485,89.0
2486,95.0
2487,93.0
2488,91.0
2489,84.0
2490,103.0
2491,93.0
2492,90.0
2493,91.0
2494,85.0
2495,93.0
2496,91.0
2497,103.0
2498,98.0
2499,91.0
2500,93.0
2501,93.0
2502,90.0
2503,102.0
2504,91.0
2505,93.0
2506,93.0
2507,85.0
2508,103.0
2509,90.0
2510,83.0
2511,92.0
2512,93.0
2513,99.0
2514,90.0
2515,91.0
2516,98.0
2517,88.0
2518,93.0
2519,91.0
2520,93.0
2521,91.0
2522,92.0
2523,98.0
2524,91.0
2525,102.0
2526,84.0
2527,103.0
2528,91.0
2529,99.0
2530,85.0
2531,102.0
2532,92.0
2533,88.0
2534,92.0
2535,88.0
2536,88.0
2537,90.0
2538,88.0
2539,91.0
2540,92.0
2541,92.0
2542,99.0
2543,99.0
2544,88.0
2545,98.0
2546,91.0
2547,92.0
2548,97.0
2549,98.0
2550,95.0
2551,88.0
2552,103.0
2553,93.0
2554,85.0
2555,95.0
2556,95.0
2557,102.0
2558,98.0
2559,96.0
2560,95.0
2561,98.0
2562,99.0
2563,103.0
2564,91.0
2565,93.0
2566,99.0
2567,93.0
2568,102.0
2569,103.0
2570,103.0
2571,85.0
2572,99.0
2573,91.0
2574,103.0
2575,91.0
2576,85.0
2577,102.0
2578,91.0
2579,99.0
2580,101.0
2581,91.0
2582,88.0
2583,89.0
2584,103.0
2585,88.0
2586,90.0
2587,92.0
2588,85.0
2589,88.0
2590,96.0
2591,93.0
2592,93.0
2593,88.0
2594,90.0
2595,87.0
2596,93.0
2597,91.0
2598,85.0
2599,102.0
2600,88.0
2601,92.0
2602,91.0
2603,98.0
2604,91.0
2605,91.0
2606,98.0
2607,93.0
2608,88.0
2609,90.0
2610,91.0
2611,91.0
2612,99.0
2613,99.0
2614,99.0
2615,85.0
2616,91.0
2617,92.0
2618,85.0
2619,87.0
2620,83.0
2621,91.0
2622,91.0
2623,92.0
2624,87.0
2625,91.0
2626,88.0
2627,87.0
2628,91.0
2629,88.0
2630,93.0
2631,93.0
2632,85.0
2633,91.0
2634,85.0
2635,88.0
2636,93.0
2637,98.0
2638,91.0
2639,93.0
2640,91.0
2641,88.0
2642,97.0
2643,94.0
2644,93.0
2645,90.0
2646,88.0
2647,91.0
2648,85.0
2649,85.0
2650,98.0
2651,88.0
2652,87.0
2653,102.0
2654,91.0
2655,91.0
2656,72.0
2657,80.0
2658,75.0
2659,81.0
2660,81.0
2661,82.0
2662,72.0
2663,82.0
2664,72.0
2665,67.0
2666,68.0
2667,72.0
2668,68.0
2669,68.0
2670,81.0
2671,72.0
2672,72.0
2673,67.0
2674,77.0
2675,67.0
2676,72.0
2677,72.0
2678,82.0
2679,70.0
2680,77.0
2681,82.0
2682,67.0
2683,71.0
2684,72.0
2685,72.0
2686,81.0
2687,72.0
2688,71.0
2689,63.0
2690,79.0
2691,77.0
2692,79.0
2693,72.0
2694,79.0
2695,67.0
2696,80.0
2697,74.0
2698,74.0
2699,70.0
2700,81.0
2701,81.0
2702,67.0
2703,74.0
2704,82.0
2705,82.0
2706,82.0
2707,72.0
2708,82.0
2709,81.0
2710,72.0
2711,71.0
2712,63.0
2713,66.0
2714,76.0
2715,77.0
2716,73.0
2717,67.0
2718,72.0
2719,67.0
2720,72.0
2721,63.0
2722,82.0
2723,63.0
2724,68.0
2725,63.0
2726,76.0
2727,72.0
2728,72.0
2729,75.0
2730,72.0
2731,78.0
2732,70.0
2733,67.0
2734,72.0
2735,67.0
2736,80.0
2737,63.0
2738,76.0
2739,81.0
2740,68.0
2741,75.0
2742,67.0
2743,77.0
2744,80.0
2745,80.0
2746,77.0
2747,76.0
2748,69.0
2749,72.0
2750,67.0
2751,69.0
2752,72.0
2753,75.0
2754,72.0
2755,81.0
2756,68.0
2757,63.0
2758,72.0
2759,81.0
2760,63.0
2761,76.0
2762,72.0
2763,74.0
2764,67.0
2765,67.0
2766,74.0
2767,66.0
2768,76.0
2769,62.0
2770,67.0
2771,70.0
2772,67.0
2773,82.0
2774,81.0
2775,68.0
2776,72.0
2777,82.0
2778,72.0
2779,75.0
2780,81.0
2781,71.0
2782,71.0
2783,76.0
2784,72.0
2785,67.0
2786,67.0
2787,63.0
2788,72.0
2789,75.0
2790,82.0
2791,73.0
2792,67.0
2793,64.0
2794,82.0
2795,74.0
2796,72.0
2797,63.0
2798,81.0
2799,68.0
2800,63.0
2801,71.0
2802,69.0
2803,76.0
2804,64.0
2805,65.0
2806,66.0
2807,77.0
2808,77.0
2809,64.0
2810,65.0
2811,72.0
2812,67.0
2813,67.0
2814,67.0
2815,68.0
2816,76.0
2817,67.0
2818,67.0
2819,74.0
2820,76.0
2821,72.0
2822,81.0
2823,80.0
2824,70.0
2825,72.0
2826,66.0
2827,77.0
2828,72.0
2829,63.0
2830,72.0
2831,73.0
2832,72.0
2833,72.0
2834,72.0
2835,75.0
2836,63.0
2837,77.0
2838,68.0
2839,64.0
2840,76.0
2841,63.0
2842,63.0
2843,63.0
2844,67.0
2845,76.0
2846,70.0
2847,64.0
2848,63.0
2849,75.0
2850,81.0
2851,72.0
2852,72.0
2853,70.0
2854,63.0
2855,77.0
2856,67.0
2857,69.0
2858,64.0
2859,67.0
2860,65.0
2861,77.0
2862,65.0
2863,63.0
2864,77.0
2865,81.0
2866,67.0
2867,81.0
2868,71.0
2869,81.0
2870,77.0
2871,68.0
2872,81.0
2873,74.0
2874,76.0
2875,65.0
2876,71.0
2877,70.0
2878,68.0
2879,68.0
2880,64.0
2881,103.0
2882,93.0
2883,103.0
2884,91.0
2885,85.0
2886,91.0
2887,87.0
2888,95.0
2889,91.0
2890,101.0
2891,85.0
2892,92.0
2893,103.0
2894,93.0
2895,91.0
2896,85.0
2897,102.0
2898,103.0
2899,85.0
2900,101.0
2901,103.0
2902,92.0
2903,94.0
2904,103.0
2905,91.0
2906,91.0
2907,84.0
2908,91.0
2909,96.0
2910,89.0
2911,93.0
2912,102.0
2913,87.0
2914,102.0
2915,84.0
2916,98.0
2917,103.0
2918,92.0
2919,87.0
2920,93.0
2921,83.0
2922,102.0
2923,101.0
2924,98.0
2925,98.0
2926,99.0
2927,93.0
2928,102.0
2929,103.0
2930,91.0
2931,91.0
2932,98.0
2933,91.0
2934,85.0
2935,93.0
2936,94.0
2937,91.0
2938,99.0
2939,91.0
2940,88.0
2941,92.0
2942,97.0
2943,98.0
2944,95.0
2945,91.0
2946,100.0
2947,98.0
2948,91.0
2949,98.0
2950,98.0
2951,91.0
2952,85.0
2953,99.0
2954,88.0
2955,93.0
2956,91.0
2957,98.0
2958,93.0
2959,91.0
2960,103.0
2961,103.0
2962,103.0
2963,90.0
2964,103.0
2965,103.0
2966,88.0
2967,91.0
2968,85.0
2969,91.0
2970,93.0
2971,84.0
2972,91.0
2973,103.0
2974,91.0
2975,101.0
2976,93.0
2977,99.0
2978,103.0
2979,98.0
2980,90.0
2981,102.0
2982,103.0
2983,91.0
2984,85.0
2985,91.0
2986,84.0
2987,93.0
2988,93.0
2989,102.0
2990,102.0
2991,85.0
2992,85.0
2993,85.0
2994,83.0
2995,84.0
2996,88.0
2997,91.0
2998,83.0
2999,99.0
3000,85.0
3001,91.0
3002,103.0
3003,99.0
3004,103.0
3005,94.0
3006,98.0
3007,91.0
3008,88.0
3009,90.0
3010,93.0
3011,85.0
3012,88.0
3013,88.0
3014,88.0
3015,91.0
3016,65.0
3017,72.0
3018,77.0
3019,69.0
3020,67.0
3021,63.0
3022,77.0
3023,63.0
3024,67.0
3025,81.0
3026,64.0
3027,81.0
3028,71.0
3029,72.0
3030,65.0
3031,63.0
3032,69.0
3033,76.0
3034,81.0
3035,72.0
3036,72.0
3037,70.0
3038,63.0
3039,64.0
3040,77.0
3041,65.0
3042,71.0
3043,77.0
3044,82.0
3045,77.0
3046,67.0
3047,67.0
3048,76.0
3049,72.0
3050,82.0
3051,82.0
3052,77.0
3053,63.0
3054,65.0
3055,77.0
3056,67.0
3057,71.0
3058,68.0
3059,66.0
3060,62.0
3061,62.0
3062,82.0
3063,81.0
3064,81.0
3065,64.0
3066,68.0
3067,67.0
3068,79.0
3069,63.0
3070,76.0
3071,75.0
3072,63.0
3073,74.0
3074,69.0
3075,63.0
3076,63.0
3077,63.0
3078,72.0
3079,63.0
3080,67.0
3081,72.0
3082,76.0
3083,76.0
3084,67.0
3085,81.0
3086,81.0
3087,63.0
3088,67.0
3089,76.0
3090,69.0
3091,68.0
3092,67.0
3093,76.0
3094,72.0
3095,63.0
3096,63.0
3097,68.0
3098,67.0
3099,68.0
3100,72.0
3101,78.0
3102,67.0
3103,63.0
3104,66.0
3105,63.0
3106,65.0
3107,68.0
3108,69.0
3109,71.0
3110,72.0
3111,64.0
3112,63.0
3113,67.0
3114,68.0
3115,72.0
3116,64.0
3117,81.0
3118,76.0
3119,69.0
3120,76.0
3121,70.0
3122,76.0
3123,77.0
3124,72.0
3125,66.0
3126,76.0
3127,76.0
3128,63.0
3129,72.0
3130,77.0
3131,66.0
3132,64.0
3133,67.0
3134,80.0
3135,63.0
3136,64.0
3137,67.0
3138,71.0
3139,67.0
3140,64.0
3141,67.0
3142,67.0
3143,63.0
3144,81.0
3145,67.0
3146,63.0
3147,67.0
3148,68.0
3149,75.0
3150,76.0
3151,68.0
3152,76.0
3153,72.0
3154,81.0
3155,76.0
3156,65.0
3157,66.0
3158,66.0
3159,63.0
3160,67.0
3161,76.0
3162,72.0
3163,77.0
3164,63.0
3165,76.0
3166,63.0
3167,72.0
3168,64.0
3169,70.0
3170,63.0
3171,72.0
3172,74.0
3173,72.0
3174,70.0
3175,72.0
3176,68.0
3177,68.0
3178,69.0
3179,82.0
3180,65.0
3181,76.0
3182,76.0
3183,77.0
3184,63.0
3185,67.0
3186,67.0
3187,76.0
3188,68.0
3189,80.0
3190,72.0
3191,67.0
3192,72.0
3193,67.0
3194,68.0
3195,66.0
3196,80.0
3197,63.0
3198,71.0
3199,79.0
3200,70.0
3201,63.0
3202,67.0
3203,46.0
3204,55.0
3205,48.0
3206,57.0
3207,59.0
3208,59.0
3209,57.0
3210,62.0
3211,59.0
3212,49.0
3213,45.0
3214,52.0
3215,55.0
3216,55.0
3217,52.0
3218,59.0
3219,55.0
3220,62.0
3221,53.0
3222,55.0
3223,46.0
3224,54.0
3225,46.0
3226,45.0
3227,60.0
3228,55.0
3229,44.0
3230,49.0
3231,62.0
3232,52.0
3233,46.0
3234,57.0
3235,49.0
3236,59.0
3237,60.0
3238,52.0
3239,49.0
3240,55.0
3241,52.0
3242,60.0
3243,49.0
3244,45.0
3245,46.0
3246,46.0
3247,54.0
3248,47.0
3249,48.0
3250,42.0
3251,59.0
3252,56.0
3253,52.0
3254,54.0
3255,59.0
3256,57.0
3257,45.0
3258,43.0
3259,60.0
3260,49.0
3261,46.0
3262,46.0
3263,52.0
3264,62.0
3265,49.0
3266,62.0
3267,55.0
3268,54.0
3269,45.0
3270,59.0
3271,45.0
3272,57.0
3273,46.0
3274,45.0
3275,59.0
3276,58.0
3277,62.0
3278,45.0
3279,82.0
3280,72.0
3281,70.0
3282,77.0
3283,72.0
3284,68.0
3285,72.0
3286,77.0
3287,72.0
3288,68.0
3289,66.0
3290,67.0
3291,71.0
3292,63.0
3293,69.0
3294,72.0
3295,72.0
3296,69.0
3297,68.0
3298,67.0
3299,72.0
3300,69.0
3301,72.0
3302,65.0
3303,73.0
3304,79.0
3305,72.0
3306,72.0
3307,77.0
3308,67.0
3309,81.0
3310,63.0
3311,72.0
3312,70.0
3313,64.0
3314,76.0
3315,80.0
3316,63.0
3317,67.0
3318,71.0
3319,70.0
3320,76.0
3321,65.0
3322,71.0
3323,76.0
3324,76.0
3325,82.0
3326,68.0
3327,65.0
3328,76.0
3329,64.0
3330,81.0
3331,76.0
3332,76.0
3333,76.0
3334,72.0
3335,67.0
3336,75.0
3337,76.0
3338,76.0
3339,72.0
3340,81.0
3341,82.0
3342,67.0
3343,74.0
3344,67.0
3345,72.0
3346,82.0
3347,79.0
3348,67.0
3349,71.0
3350,67.0
3351,72.0
3352,82.0
3353,68.0
3354,64.0
3355,71.0
3356,72.0
3357,69.0
3358,67.0
3359,63.0
3360,76.0
3361,72.0
3362,70.0
3363,65.0
3364,63.0
3365,65.0
3366,69.0
3367,81.0
3368,81.0
3369,82.0
3370,82.0
3371,72.0
3372,82.0
3373,66.0
3374,69.0
3375,81.0
3376,67.0
3377,63.0
3378,82.0
3379,65.0
3380,76.0
3381,63.0
3382,74.0
3383,69.0
3384,73.0
3385,72.0
3386,77.0
3387,72.0
3388,82.0
3389,77.0
3390,65.0
3391,77.0
3392,82.0
3393,82.0
3394,69.0
3395,77.0
3396,72.0
3397,81.0
3398,77.0
3399,68.0
3400,65.0
3401,82.0
3402,81.0
3403,72.0
3404,64.0
3405,67.0
3406,71.0
3407,67.0
3408,64.0
3409,72.0
3410,72.0
3411,76.0
3412,75.0
3413,72.0
3414,63.0
3415,78.0
3416,75.0
3417,68.0
3418,80.0
3419,76.0
3420,67.0
3421,72.0
3422,82.0
3423,80.0
3424,72.0
3425,72.0
3426,70.0
3427,63.0
3428,79.0
3429,72.0
3430,78.0
3431,81.0
3432,70.0
3433,67.0
3434,71.0
3435,69.0
3436,70.0
3437,64.0
3438,81.0
3439,77.0
3440,67.0
3441,77.0
3442,63.0
3443,77.0
3444,70.0
3445,67.0
3446,77.0
3447,67.0
3448,72.0
3449,82.0
3450,69.0
3451,77.0
3452,73.0
3453,72.0
3454,71.0
3455,72.0
3456,72.0
3457,72.0
3458,76.0
3459,70.0
3460,76.0
3461,81.0
3462,81.0
3463,70.0
3464,72.0
3465,67.0
3466,71.0
3467,72.0
3468,64.0
3469,64.0
3470,73.0
3471,81.0
3472,65.0
3473,63.0
3474,72.0
3475,72.0
3476,72.0
3477,81.0
3478,72.0
3479,68.0
3480,77.0
3481,63.0
3482,79.0
3483,76.0
3484,67.0
3485,72.0
3486,81.0
3487,68.0
3488,63.0
3489,65.0
3490,67.0
3491,72.0
3492,75.0
3493,72.0
3494,72.0
3495,67.0
3496,76.0
3497,76.0
3498,72.0
3499,82.0
3500,82.0
3501,68.0
3502,78.0
3503,67.0
3504,67.0
3505,72.0
3506,67.0
3507,77.0
3508,69.0
3509,69.0
3510,76.0
3511,67.0
3512,67.0
3513,70.0
3514,63.0
3515,79.0
3516,71.0
3517,65.0
3518,81.0
3519,70.0
3520,64.0
3521,70.0
3522,72.0
3523,64.0
3524,72.0
3525,67.0
3526,81.0
3527,66.0
3528,71.0
3529,63.0
3530,72.0
3531,72.0
3532,63.0
3533,72.0
3534,63.0
3535,63.0
3536,75.0
3537,75.0
3538,76.0
3539,68.0
3540,67.0
3541,76.0
3542,68.0
3543,72.0
3544,64.0
3545,63.0
3546,67.0
3547,64.0
3548,68.0
3549,78.0
3550,63.0
3551,67.0
3552,81.0
3553,68.0
3554,72.0
3555,63.0
3556,77.0
3557,72.0
3558,77.0
3559,67.0
3560,67.0
3561,82.0
3562,71.0
3563,67.0
3564,63.0
3565,64.0
3566,55.0
3567,56.0
3568,45.0
3569,62.0
3570,61.0
3571,62.0
3572,62.0
3573,46.0
3574,55.0
3575,62.0
3576,59.0
3577,59.0
3578,62.0
3579,46.0
3580,62.0
3581,42.0
3582,54.0
3583,59.0
3584,49.0
3585,60.0
3586,57.0
3587,62.0
3588,55.0
3589,50.0
3590,61.0
3591,55.0
3592,54.0
3593,45.0
3594,53.0
3595,56.0
3596,45.0
3597,61.0
3598,45.0
3599,59.0
3600,61.0
3601,52.0
3602,52.0
3603,57.0
3604,62.0
3605,46.0
3606,58.0
3607,59.0
3608,45.0
3609,57.0
3610,61.0
3611,44.0
3612,58.0
3613,52.0
3614,50.0
3615,49.0
3616,50.0
3617,62.0
3618,50.0
3619,62.0
3620,43.0
3621,59.0
3622,53.0
3623,45.0
3624,46.0
3625,52.0
3626,60.0
3627,57.0
3628,52.0
3629,54.0
3630,47.0
3631,59.0
3632,55.0
3633,45.0
3634,49.0
3635,57.0
3636,58.0
3637,60.0
3638,55.0
3639,45.0
3640,55.0
3641,46.0
3642,52.0
3643,44.0
3644,59.0
3645,43.0
3646,49.0
3647,45.0
3648,46.0
3649,52.0
3650,48.0
3651,61.0
3652,45.0
3653,52.0
3654,48.0
3655,60.0
3656,57.0
3657,59.0
3658,60.0
3659,46.0
3660,52.0
3661,59.0
3662,60.0
3663,45.0
3664,61.0
3665,60.0
3666,46.0
3667,49.0
3668,43.0
3669,59.0
3670,43.0
3671,42.0
3672,52.0
3673,45.0
3674,52.0
3675,48.0
3676,43.0
3677,45.0
3678,62.0
3679,50.0
3680,45.0
3681,44.0
3682,46.0
3683,61.0
3684,46.0
3685,49.0
3686,61.0
3687,57.0
3688,56.0
3689,53.0
3690,48.0
3691,44.0
3692,57.0
3693,49.0
3694,49.0
3695,59.0
3696,58.0
3697,45.0
3698,57.0
3699,56.0
3700,50.0
3701,47.0
3702,45.0
3703,62.0
3704,55.0
3705,46.0
3706,52.0
3707,49.0
3708,60.0
3709,62.0
3710,58.0
3711,61.0
3712,57.0
3713,59.0
3714,47.0
3715,62.0
3716,46.0
3717,59.0
3718,62.0
3719,52.0
3720,56.0
3721,57.0
3722,62.0
3723,46.0
3724,61.0
3725,52.0
3726,42.0
3727,46.0
3728,59.0
3729,62.0
3730,59.0
3731,57.0
3732,52.0
3733,46.0
3734,50.0
3735,42.0
3736,45.0
3737,52.0
3738,62.0
3739,62.0
3740,49.0
3741,55.0
3742,62.0
3743,48.0
3744,56.0
3745,52.0
3746,52.0
3747,60.0
3748,57.0
3749,61.0
3750,50.0
3751,44.0
3752,59.0
3753,58.0
3754,55.0
3755,62.0
3756,61.0
3757,52.0
3758,54.0
3759,62.0
3760,45.0
3761,60.0
3762,62.0
3763,59.0
3764,49.0
3765,47.0
3766,55.0
3767,61.0
3768,55.0
3769,55.0
3770,54.0
3771,45.0
3772,57.0
3773,57.0
3774,46.0
3775,62.0
3776,57.0
3777,58.0
3778,62.0
3779,49.0
3780,62.0
3781,50.0
3782,77.0
3783,81.0
3784,67.0
3785,63.0
3786,72.0
3787,64.0
3788,77.0
3789,67.0
3790,81.0
3791,72.0
3792,76.0
3793,72.0
3794,73.0
3795,71.0
3796,66.0
3797,68.0
3798,72.0
3799,63.0
3800,67.0
3801,77.0
3802,82.0
3803,72.0
3804,78.0
3805,64.0
3806,72.0
3807,64.0
3808,65.0
3809,82.0
3810,63.0
3811,65.0
3812,65.0
3813,65.0
3814,81.0
3815,77.0
3816,77.0
3817,67.0
3818,69.0
3819,77.0
3820,71.0
3821,82.0
3822,70.0
3823,81.0
3824,72.0
3825,68.0
3826,72.0
3827,72.0
3828,67.0
3829,63.0
3830,71.0
3831,79.0
3832,67.0
3833,64.0
3834,82.0
3835,63.0
3836,67.0
3837,72.0
3838,69.0
3839,74.0
3840,63.0
3841,66.0
3842,81.0
3843,76.0
3844,77.0
3845,63.0
3846,67.0
3847,81.0
3848,63.0
3849,74.0
3850,67.0
3851,67.0
3852,70.0
3853,66.0
3854,67.0
3855,72.0
3856,82.0
3857,67.0
3858,77.0
3859,67.0
3860,82.0
3861,70.0
3862,74.0
3863,67.0
3864,65.0
3865,80.0
3866,63.0
3867,72.0
3868,73.0
3869,72.0
3870,82.0
3871,65.0
3872,72.0
3873,77.0
3874,75.0
3875,72.0
3876,82.0
3877,68.0
3878,72.0
3879,72.0
3880,70.0
3881,69.0
3882,72.0
3883,63.0
3884,69.0
3885,72.0
3886,63.0
3887,67.0
3888,67.0
3889,66.0
3890,67.0
3891,68.0
3892,80.0
3893,70.0
3894,69.0
3895,67.0
3896,72.0
3897,67.0
3898,66.0
3899,72.0
3900,71.0
3901,67.0
3902,72.0
3903,71.0
3904,67.0
3905,64.0
3906,76.0
3907,71.0
3908,77.0
3909,63.0
3910,64.0
3911,72.0
3912,63.0
3913,72.0
3914,77.0
3915,68.0
3916,67.0
3917,68.0
3918,67.0
3919,72.0
3920,69.0
3921,71.0
3922,65.0
3923,71.0
3924,63.0
3925,74.0
3926,67.0
3927,72.0
3928,82.0
3929,81.0
3930,68.0
3931,72.0
3932,72.0
3933,70.0
3934,82.0
3935,78.0
3936,82.0
3937,82.0
3938,66.0
3939,82.0
3940,67.0
3941,72.0
3942,68.0
3943,71.0
3944,67.0
3945,76.0
3946,64.0
3947,70.0
3948,77.0
3949,65.0
3950,69.0
3951,67.0
3952,68.0
3953,67.0
3954,82.0
3955,66.0
3956,63.0
3957,75.0
3958,63.0
3959,63.0
3960,63.0
3961,59.0
3962,53.0
3963,45.0
3964,45.0
3965,44.0
3966,42.0
3967,44.0
3968,45.0
3969,61.0
3970,47.0
3971,62.0
3972,57.0
3973,53.0
3974,58.0
3975,42.0
3976,62.0
3977,55.0
3978,62.0
3979,62.0
3980,53.0
3981,62.0
3982,49.0
3983,48.0
3984,49.0
3985,62.0
3986,49.0
3987,44.0
3988,49.0
3989,59.0
3990,59.0
3991,56.0
3992,62.0
3993,55.0
3994,44.0
3995,60.0
3996,54.0
3997,62.0
3998,53.0
3999,49.0
4000,55.0
4001,62.0
4002,52.0
4003,62.0
4004,41.0
4005,57.0
4006,53.0
4007,46.0
4008,47.0
4009,43.0
4010,53.0
4011,45.0
4012,43.0
4013,42.0
4014,43.0
4015,62.0
4016,59.0
4017,57.0
4018,55.0
4019,42.0
4020,55.0
4021,47.0
4022,55.0
4023,59.0
4024,49.0
4025,43.0
4026,62.0
4027,46.0
4028,46.0
4029,45.0
4030,52.0
4031,52.0
4032,52.0
4033,45.0
4034,43.0
4035,52.0
4036,44.0
4037,57.0
4038,47.0
4039,44.0
4040,55.0
4041,54.0
4042,56.0
4043,57.0
4044,55.0
4045,45.0
4046,54.0
4047,44.0
4048,47.0
4049,45.0
4050,59.0
4051,50.0
4052,45.0
4053,44.0
4054,45.0
4055,49.0
4056,56.0
4057,60.0
4058,55.0
4059,52.0
4060,45.0
4061,59.0
4062,45.0
4063,49.0
4064,43.0
4065,44.0
4066,43.0
4067,54.0
4068,57.0
4069,55.0
4070,49.0
4071,47.0
4072,62.0
4073,49.0
4074,62.0
4075,43.0
4076,49.0
4077,45.0
4078,60.0
4079,47.0
4080,55.0
4081,43.0
4082,44.0
4083,55.0
4084,48.0
4085,42.0
4086,46.0
4087,45.0
4088,48.0
4089,44.0
4090,52.0
4091,52.0
4092,52.0
4093,54.0
4094,62.0
4095,52.0
4096,45.0
4097,62.0
4098,50.0
4099,45.0
4100,62.0
4101,54.0
4102,55.0
4103,61.0
4104,49.0
4105,46.0
4106,57.0
4107,57.0
4108,44.0
4109,50.0
4110,62.0
4111,62.0
4112,49.0
4113,62.0
4114,54.0
4115,57.0
4116,47.0
4117,48.0
4118,50.0
4119,55.0
4120,54.0
4121,52.0
4122,55.0
4123,62.0
4124,52.0
4125,59.0
4126,44.0
4127,43.0
4128,49.0
4129,50.0
4130,62.0
4131,50.0
4132,52.0
4133,46.0
4134,50.0
4135,61.0
4136,62.0
4137,58.0
4138,56.0
4139,62.0
4140,55.0
4141,57.0
4142,57.0
4143,41.0
4144,57.0
4145,55.0
4146,43.0
4147,47.0
4148,45.0
4149,52.0
4150,46.0
4151,58.0
4152,46.0
4153,50.0
4154,58.0
4155,57.0
4156,53.0
4157,54.0
4158,41.0
4159,62.0
4160,46.0
4161,62.0
4162,55.0
4163,61.0
4164,54.0
4165,62.0
4166,47.0
4167,52.0
4168,59.0
4169,55.0
4170,54.0
4171,49.0
4172,44.0
4173,52.0
4174,59.0
4175,52.0
4176,47.0
4177,55.0
4178,59.0
4179,44.0
4180,50.0
4181,61.0
4182,62.0
4183,46.0
4184,50.0
4185,50.0
4186,59.0
4187,54.0
4188,46.0
4189,44.0
4190,54.0
4191,43.0
4192,49.0
4193,50.0
4194,46.0
4195,50.0
4196,44.0
4197,59.0
4198,62.0
4199,49.0
4200,42.0
4201,59.0
4202,43.0
4203,56.0
4204,55.0
4205,52.0
4206,56.0
4207,62.0
4208,49.0
4209,47.0
4210,60.0
4211,59.0
4212,43.0
4213,61.0
4214,62.0
4215,53.0
4216,53.0
4217,61.0
4218,49.0
4219,55.0
4220,42.0
4221,52.0
4222,54.0
4223,46.0
4224,62.0
4225,45.0
4226,57.0
4227,62.0
4228,60.0
4229,57.0
4230,49.0
4231,57.0
4232,50.0
4233,47.0
4234,59.0
4235,62.0
4236,55.0
4237,50.0
4238,56.0
4239,49.0
4240,55.0
4241,45.0
4242,58.0
4243,55.0
4244,54.0
4245,52.0
4246,55.0
4247,57.0
4248,55.0
4249,54.0
4250,62.0
4251,59.0
4252,45.0
4253,43.0
4254,47.0
4255,43.0
4256,54.0
4257,45.0
4258,59.0
4259,48.0
4260,45.0
4261,57.0
4262,62.0
4263,50.0
4264,61.0
4265,52.0
4266,60.0
4267,62.0
4268,59.0
4269,61.0
4270,62.0
4271,59.0
4272,52.0
4273,45.0
4274,53.0
4275,62.0
4276,57.0
4277,46.0
4278,57.0
4279,44.0
4280,47.0
4281,53.0
4282,55.0
4283,57.0
4284,55.0
4285,48.0
4286,57.0
4287,52.0
4288,45.0
4289,59.0
4290,46.0
4291,55.0
4292,62.0
4293,57.0
4294,49.0
4295,47.0
4296,53.0
4297,47.0
4298,57.0
4299,57.0
4300,62.0
4301,58.0
4302,57.0
4303,45.0
4304,62.0
4305,48.0
4306,46.0
4307,48.0
4308,62.0
4309,54.0
4310,54.0
4311,49.0
4312,52.0
4313,60.0
4314,45.0
4315,47.0
4316,56.0
4317,57.0
4318,46.0
4319,49.0
4320,42.0
4321,55.0
4322,45.0
4323,53.0
4324,49.0
4325,52.0
4326,55.0
4327,53.0
4328,49.0
4329,57.0
4330,43.0
4331,60.0
4332,59.0
4333,49.0
4334,42.0
4335,44.0
4336,60.0
4337,62.0
4338,62.0
4339,55.0
4340,58.0
4341,42.0
4342,45.0
4343,60.0
4344,52.0
4345,52.0
4346,52.0
4347,45.0
4348,55.0
4349,56.0
4350,49.0
4351,59.0
4352,54.0
4353,47.0
4354,61.0
4355,46.0
4356,59.0
4357,46.0
4358,57.0
4359,59.0
4360,49.0
4361,61.0
4362,54.0
4363,47.0
4364,45.0
4365,57.0
4366,62.0
4367,47.0
4368,53.0
4369,59.0
4370,46.0
4371,52.0
4372,59.0
4373,43.0
4374,54.0
4375,54.0
4376,48.0
4377,47.0
4378,62.0
4379,60.0
4380,53.0
4381,57.0
4382,49.0
4383,61.0
4384,54.0
4385,44.0
4386,62.0
4387,55.0
4388,52.0
4389,46.0
4390,62.0
4391,54.0
4392,53.0
4393,59.0
4394,57.0
4395,53.0
4396,59.0
4397,59.0
4398,44.0
4399,59.0
4400,45.0
4401,49.0
4402,49.0
4403,47.0
4404,54.0
4405,52.0
4406,54.0
4407,55.0
4408,55.0
4409,49.0
4410,56.0
4411,59.0
4412,54.0
4413,52.0
4414,62.0
4415,45.0
4416,45.0
4417,54.0
4418,55.0
4419,43.0
4420,49.0
4421,62.0
4422,55.0
4423,55.0
4424,62.0
4425,58.0
4426,45.0
4427,52.0
4428,43.0
4429,55.0
4430,59.0
4431,59.0
4432,49.0
4433,49.0
4434,62.0
4435,61.0
4436,54.0
4437,62.0
4438,55.0
4439,56.0
4440,45.0
4441,62.0
4442,43.0
4443,46.0
4444,62.0
4445,43.0
4446,55.0
4447,62.0
4448,56.0
4449,55.0
4450,55.0
4451,49.0
4452,49.0
4453,49.0
4454,50.0
4455,59.0
4456,49.0
4457,59.0
4458,59.0
4459,52.0
4460,55.0
4461,57.0
4462,49.0
4463,45.0
4464,52.0
4465,62.0
4466,55.0
4467,55.0
4468,62.0
4469,45.0
4470,62.0
4471,52.0
4472,57.0
4473,55.0
4474,46.0
4475,59.0
4476,55.0
4477,49.0
4478,52.0
4479,62.0
4480,56.0
4481,46.0
4482,60.0
4483,55.0
4484,60.0
4485,44.0
4486,57.0
4487,46.0
4488,59.0
4489,56.0
4490,53.0
4491,57.0
4492,57.0
4493,58.0
4494,57.0
4495,53.0
4496,59.0
4497,59.0
4498,61.0
4499,62.0
4500,55.0
4501,58.0
4502,52.0
4503,45.0
4504,44.0
4505,59.0
4506,59.0
4507,57.0
4508,48.0
4509,55.0
4510,50.0
4511,59.0
4512,59.0
4513,55.0
4514,56.0
4515,46.0
4516,48.0
4517,62.0
4518,52.0
4519,62.0
4520,47.0
4521,57.0
4522,54.0
4523,54.0
4524,57.0
4525,49.0
4526,60.0
4527,57.0
4528,57.0
4529,57.0
4530,57.0
4531,44.0
4532,62.0
4533,49.0
4534,53.0
4535,62.0
4536,57.0
4537,55.0
4538,54.0
4539,62.0
4540,58.0
4541,57.0
4542,62.0
4543,62.0
4544,46.0
4545,55.0
4546,46.0
4547,56.0
4548,59.0
4549,55.0
4550,49.0
4551,54.0
4552,46.0
4553,52.0
4554,62.0
4555,54.0
4556,62.0
4557,49.0
4558,49.0
4559,52.0
4560,62.0
4561,45.0
4562,44.0
4563,61.0
4564,45.0
4565,49.0
4566,59.0
4567,46.0
4568,49.0
4569,49.0
4570,61.0
4571,58.0
4572,44.0
4573,54.0
4574,46.0
4575,52.0
4576,52.0
4577,49.0
4578,54.0
4579,55.0
4580,62.0
4581,58.0
4582,46.0
4583,43.0
4584,59.0
4585,42.0
4586,48.0
4587,52.0
4588,42.0
4589,52.0
4590,55.0
4591,50.0
4592,56.0
4593,46.0
4594,52.0
4595,47.0
4596,44.0
4597,58.0
4598,43.0
4599,48.0
4600,62.0
4601,46.0
4602,54.0
4603,46.0
4604,57.0
4605,47.0
4606,57.0
4607,46.0
4608,59.0
4609,52.0
4610,45.0
4611,59.0
4612,57.0
4613,52.0
4614,52.0
4615,60.0
4616,45.0
4617,43.0
4618,45.0
4619,54.0
4620,45.0
4621,45.0
4622,54.0
4623,59.0
4624,62.0
4625,57.0
4626,52.0
4627,47.0
4628,62.0
4629,56.0
4630,49.0
4631,58.0
4632,61.0
4633,57.0
4634,57.0
4635,54.0
4636,57.0
4637,55.0
4638,62.0
4639,61.0
4640,52.0
4641,45.0
4642,56.0
4643,54.0
4644,62.0
4645,60.0
4646,49.0
4647,60.0
4648,57.0
4649,59.0
4650,53.0
4651,48.0
4652,54.0
4653,52.0
4654,54.0
4655,56.0
4656,59.0
4657,55.0
4658,59.0
4659,55.0
4660,59.0
4661,50.0
4662,57.0
4663,61.0
4664,61.0
4665,58.0
4666,57.0
4667,46.0
4668,57.0
4669,62.0
4670,49.0
4671,52.0
4672,42.0
4673,57.0
4674,49.0
4675,60.0
4676,46.0
4677,57.0
4678,45.0
4679,49.0
4680,62.0
4681,55.0
4682,59.0
4683,52.0
4684,62.0
4685,57.0
4686,52.0
4687,57.0
4688,46.0
4689,59.0
4690,48.0
4691,59.0
4692,61.0
4693,52.0
4694,62.0
4695,61.0
4696,61.0
4697,61.0
4698,61.0
4699,47.0
4700,45.0
4701,62.0
4702,52.0
4703,52.0
4704,55.0
4705,52.0
4706,57.0
4707,59.0
4708,52.0
4709,62.0
4710,53.0
4711,52.0
4712,52.0
4713,57.0
4714,52.0
4715,45.0
4716,46.0
4717,62.0
4718,49.0
4719,59.0
4720,49.0
4721,45.0
4722,59.0
4723,60.0
4724,62.0
4725,49.0
4726,50.0
4727,62.0
4728,49.0
4729,60.0
4730,52.0
4731,55.0
4732,60.0
4733,55.0
4734,53.0
4735,49.0
4736,57.0
4737,57.0
4738,52.0
4739,45.0
4740,45.0
4741,62.0
4742,45.0
4743,57.0
4744,62.0
4745,57.0
4746,59.0
4747,42.0
4748,59.0
4749,50.0
4750,57.0
4751,43.0
4752,57.0
4753,43.0
4754,61.0
4755,55.0
4756,47.0
4757,52.0
4758,56.0
4759,46.0
4760,47.0
4761,58.0
4762,48.0
4763,52.0
4764,50.0
4765,52.0
4766,49.0
4767,57.0
4768,54.0
4769,62.0
4770,57.0
4771,59.0
4772,42.0
4773,49.0
4774,53.0
4775,59.0
4776,58.0
4777,56.0
4778,49.0
4779,45.0
4780,59.0
4781,61.0
4782,62.0
4783,46.0
4784,62.0
4785,52.0
4786,59.0
4787,53.0
4788,60.0
4789,58.0
4790,61.0
4791,59.0
4792,48.0
4793,45.0
4794,46.0
4795,59.0
4796,62.0
4797,47.0
4798,53.0
4799,44.0
4800,45.0
4801,52.0
4802,55.0
4803,55.0
4804,45.0
4805,44.0
4806,62.0
4807,62.0
4808,45.0
4809,60.0
4810,60.0
4811,62.0
4812,56.0
4813,55.0
4814,62.0
4815,49.0
4816,62.0
4817,62.0
4818,49.0
4819,59.0
4820,44.0
4821,46.0
4822,44.0
4823,49.0
4824,49.0
4825,56.0
4826,46.0
4827,59.0
4828,61.0
4829,44.0
4830,59.0
4831,45.0
4832,45.0
4833,52.0
4834,62.0
4835,60.0
4836,60.0
4837,55.0
4838,49.0
4839,52.0
4840,45.0
4841,45.0
4842,55.0
4843,46.0
4844,45.0
4845,49.0
4846,55.0
4847,52.0
4848,52.0
4849,52.0
4850,57.0
4851,57.0
4852,62.0
4853,59.0
4854,61.0
4855,57.0
4856,59.0
4857,55.0
4858,59.0
4859,60.0
4860,55.0
4861,57.0
4862,49.0
4863,54.0
4864,59.0
4865,45.0
4866,55.0
4867,55.0
4868,52.0
4869,55.0
4870,49.0
4871,55.0
4872,59.0
4873,50.0
4874,46.0
4875,50.0
4876,59.0
4877,43.0
4878,50.0
4879,62.0
4880,59.0
4881,61.0
4882,49.0
4883,45.0
4884,52.0
4885,47.0
4886,52.0
4887,43.0
4888,52.0
4889,58.0
4890,48.0
4891,45.0
4892,43.0
4893,48.0
4894,62.0
4895,49.0
4896,53.0
4897,50.0
4898,46.0
4899,59.0
4900,62.0
4901,50.0
4902,54.0
4903,44.0
4904,62.0
4905,52.0
4906,62.0
4907,49.0
4908,54.0
4909,45.0
4910,54.0
4911,50.0
4912,60.0
4913,61.0
4914,43.0
4915,59.0
4916,55.0
4917,59.0
4918,61.0
4919,62.0
4920,45.0
4921,59.0
4922,45.0
4923,59.0
4924,52.0
4925,52.0
4926,61.0
4927,50.0
4928,55.0
4929,57.0
4930,59.0
4931,43.0
4932,57.0
4933,50.0
4934,62.0
4935,52.0
4936,52.0
4937,57.0
4938,61.0
4939,52.0
4940,52.0
4941,44.0
4942,56.0
4943,60.0
4944,50.0
4945,52.0
4946,55.0
4947,57.0
4948,53.0
4949,52.0
4950,62.0
4951,61.0
4952,50.0
4953,62.0
4954,52.0
4955,54.0
4956,49.0
4957,59.0
4958,59.0
4959,52.0
4960,47.0
4961,45.0
4962,62.0
4963,45.0
4964,43.0
4965,61.0
4966,62.0
4967,53.0
4968,55.0
4969,62.0
4970,48.0
4971,61.0
4972,55.0
4973,56.0
4974,57.0
4975,55.0
4976,56.0
4977,59.0
4978,56.0
4979,62.0
4980,62.0
4981,53.0
4982,62.0
4983,60.0
4984,61.0
4985,55.0
4986,61.0
4987,61.0
4988,45.0
4989,46.0
4990,59.0
4991,46.0
4992,43.0
4993,45.0
4994,59.0
4995,60.0
4996,57.0
4997,56.0
4998,49.0
4999,45.0
5000,56.0
5001,55.0
5002,53.0
5003,58.0
5004,62.0
5005,46.0
5006,47.0
5007,42.0
5008,62.0
5009,42.0
5010,55.0
5011,55.0
5012,52.0
5013,53.0
5014,57.0
5015,49.0
5016,58.0
5017,50.0
5018,62.0
5019,57.0
5020,47.0
5021,59.0
5022,49.0
5023,54.0
5024,61.0
5025,55.0
5026,59.0
5027,49.0
5028,47.0
5029,59.0
5030,55.0
5031,62.0
5032,55.0
5033,57.0
5034,47.0
5035,59.0
5036,59.0
5037,55.0
5038,59.0
5039,57.0
5040,45.0
5041,53.0
5042,53.0
5043,59.0
5044,42.0
5045,62.0
5046,46.0
5047,61.0
5048,52.0
5049,45.0
5050,46.0
5051,52.0
5052,62.0
5053,62.0
5054,45.0
5055,53.0
5056,61.0
5057,46.0
5058,61.0
5059,49.0
5060,44.0
5061,47.0
5062,61.0
5063,48.0
5064,44.0
5065,60.0
5066,45.0
5067,59.0
5068,52.0
5069,46.0
5070,49.0
5071,57.0
5072,57.0
5073,52.0
5074,54.0
5075,50.0
5076,59.0
5077,48.0
5078,42.0
5079,49.0
5080,56.0
5081,62.0
5082,61.0
5083,53.0
5084,55.0
5085,44.0
5086,55.0
5087,44.0
5088,49.0
5089,59.0
5090,53.0
5091,49.0
5092,49.0
5093,45.0
5094,46.0
5095,52.0
5096,52.0
5097,57.0
5098,56.0
5099,57.0
5100,57.0
5101,49.0
5102,48.0
5103,56.0
5104,55.0
5105,44.0
5106,52.0
5107,55.0
5108,52.0
5109,44.0
5110,44.0
5111,55.0
5112,44.0
5113,45.0
5114,55.0
5115,44.0
5116,55.0
5117,49.0
5118,59.0
5119,43.0
5120,47.0
5121,45.0
5122,57.0
5123,57.0
5124,44.0
5125,46.0
5126,46.0
5127,48.0
5128,55.0
5129,50.0
5130,45.0
5131,55.0
5132,45.0
5133,55.0
5134,48.0
5135,46.0
5136,45.0
5137,42.0
5138,46.0
5139,45.0
5140,57.0
5141,49.0
5142,46.0
5143,57.0
5144,55.0
5145,55.0
5146,45.0
5147,62.0
5148,62.0
5149,55.0
5150,55.0
5151,57.0
5152,62.0
5153,52.0
5154,43.0
5155,55.0
5156,62.0
5157,62.0
5158,46.0
5159,49.0
5160,43.0
5161,45.0
5162,49.0
5163,55.0
5164,55.0
5165,52.0
5166,52.0
5167,46.0
5168,54.0
5169,57.0
5170,50.0
5171,55.0
5172,48.0
5173,44.0
5174,45.0
5175,58.0
5176,45.0
5177,46.0
5178,46.0
5179,53.0
5180,52.0
5181,52.0
5182,46.0
5183,59.0
5184,55.0
5185,56.0
5186,58.0
5187,55.0
5188,55.0
5189,53.0
5190,44.0
5191,50.0
5192,48.0
5193,53.0
5194,50.0
5195,50.0
5196,52.0
5197,50.0
5198,58.0
5199,57.0
5200,52.0
5201,56.0
5202,44.0
5203,55.0
5204,52.0
5205,56.0
5206,54.0
5207,52.0
5208,57.0
5209,57.0
5210,54.0
5211,59.0
5212,49.0
5213,53.0
5214,62.0
5215,62.0
5216,45.0
5217,46.0
5218,52.0
5219,61.0
5220,61.0
5221,45.0
5222,43.0
5223,62.0
5224,58.0
5225,49.0
5226,50.0
5227,47.0
5228,49.0
5229,55.0
5230,53.0
5231,57.0
5232,55.0
5233,52.0
5234,43.0
5235,49.0
5236,56.0
5237,53.0
5238,53.0
5239,52.0
5240,52.0
5241,49.0
5242,44.0
5243,62.0
5244,52.0
5245,53.0
5246,56.0
5247,59.0
5248,45.0
5249,62.0
5250,58.0
5251,45.0
5252,55.0
5253,55.0
5254,46.0
5255,43.0
5256,62.0
5257,62.0
5258,60.0
5259,57.0
5260,49.0
5261,45.0
5262,45.0
5263,59.0
5264,48.0
5265,46.0
5266,55.0
5267,62.0
5268,48.0
5269,43.0
5270,42.0
5271,44.0
5272,52.0
5273,61.0
5274,44.0
5275,62.0
5276,49.0
5277,46.0
5278,61.0
5279,45.0
5280,55.0
5281,49.0
5282,53.0
5283,56.0
5284,62.0
5285,61.0
5286,59.0
5287,55.0
5288,53.0
5289,54.0
5290,49.0
5291,45.0
5292,49.0
5293,62.0
5294,55.0
5295,62.0
5296,42.0
5297,57.0
5298,50.0
5299,50.0
5300,45.0
5301,44.0
5302,48.0
5303,49.0
5304,62.0
5305,42.0
5306,43.0
5307,48.0
5308,47.0
5309,57.0
5310,59.0
5311,43.0
5312,57.0
5313,58.0
5314,53.0
5315,55.0
5316,53.0
5317,57.0
5318,54.0
5319,50.0
5320,62.0
5321,42.0
5322,49.0
5323,56.0
5324,50.0
5325,42.0
5326,57.0
5327,43.0
5328,58.0
5329,55.0
5330,43.0
5331,42.0
5332,53.0
5333,47.0
5334,54.0
5335,49.0
5336,45.0
5337,59.0
5338,61.0
5339,62.0
5340,47.0
5341,46.0
5342,62.0
5343,49.0
5344,50.0
5345,45.0
5346,44.0
5347,43.0
5348,61.0
5349,54.0
5350,45.0
5351,49.0
5352,48.0
5353,60.0
5354,55.0
5355,50.0
5356,43.0
5357,48.0
5358,43.0
5359,43.0
5360,49.0
5361,57.0
5362,45.0
5363,49.0
5364,45.0
5365,61.0
5366,49.0
5367,45.0
5368,43.0
5369,57.0
5370,62.0
5371,45.0
5372,45.0
5373,45.0
5374,59.0
5375,42.0
5376,57.0
5377,59.0
5378,60.0
5379,55.0
5380,52.0
5381,59.0
5382,46.0
5383,61.0
5384,55.0
5385,59.0
5386,46.0
5387,62.0
5388,55.0
5389,62.0
5390,52.0
5391,49.0
5392,54.0
5393,42.0
5394,53.0
5395,46.0
5396,46.0
5397,60.0
5398,44.0
5399,43.0
5400,55.0
5401,53.0
5402,46.0
5403,42.0
5404,61.0
5405,47.0
5406,46.0
5407,45.0
5408,47.0
5409,47.0
5410,50.0
5411,49.0
5412,45.0
5413,62.0
5414,57.0
5415,44.0
5416,61.0
5417,57.0
5418,42.0
5419,50.0
5420,50.0
5421,52.0
5422,55.0
5423,49.0
5424,49.0
5425,54.0
5426,46.0
5427,55.0
5428,52.0
5429,49.0
5430,55.0
5431,55.0
5432,55.0
5433,46.0
5434,60.0
5435,52.0
5436,62.0
5437,61.0
5438,55.0
5439,42.0
5440,55.0
5441,48.0
5442,52.0
5443,61.0
5444,46.0
5445,59.0
5446,57.0
5447,49.0
5448,44.0
5449,52.0
5450,56.0
5451,62.0
5452,56.0
5453,47.0
5454,46.0
5455,57.0
5456,55.0
5457,55.0
5458,47.0
5459,55.0
5460,52.0
5461,52.0
5462,44.0
5463,54.0
5464,59.0
5465,44.0
5466,48.0
5467,43.0
5468,47.0
5469,52.0
5470,58.0
5471,52.0
5472,55.0
5473,52.0
5474,49.0
5475,50.0
5476,43.0
5477,54.0
5478,48.0
5479,43.0
5480,55.0
5481,47.0
5482,46.0
5483,49.0
5484,55.0
5485,61.0
5486,59.0
5487,48.0
5488,54.0
5489,44.0
5490,46.0
5491,57.0
5492,49.0
5493,54.0
5494,49.0
5495,54.0
5496,48.0
5497,47.0
5498,49.0
5499,45.0
5500,44.0
5501,59.0
5502,49.0
5503,55.0
5504,54.0
5505,49.0
5506,48.0
5507,60.0
5508,61.0
5509,54.0
5510,45.0
5511,55.0
5512,45.0
5513,49.0
5514,54.0
5515,49.0
5516,58.0
5517,59.0
5518,46.0
5519,55.0
5520,43.0
5521,46.0
5522,45.0
5523,49.0
5524,59.0
5525,47.0
5526,42.0
5527,46.0
5528,52.0
5529,45.0
5530,52.0
5531,45.0
5532,60.0
5533,45.0
5534,55.0
5535,52.0
5536,45.0
5537,54.0
5538,48.0
5539,59.0
5540,55.0
5541,45.0
5542,45.0
5543,50.0
5544,47.0
5545,46.0
5546,55.0
5547,57.0
5548,55.0
5549,45.0
5550,45.0
5551,49.0
5552,62.0
5553,49.0
5554,55.0
5555,52.0
5556,57.0
5557,44.0
5558,45.0
5559,57.0
5560,57.0
5561,46.0
5562,54.0
5563,57.0
5564,55.0
5565,55.0
5566,49.0
5567,50.0
5568,52.0
5569,43.0
5570,44.0
5571,62.0
5572,43.0
5573,62.0
5574,45.0
5575,62.0
5576,59.0
5577,58.0
5578,55.0
5579,55.0
5580,57.0
5581,55.0
5582,60.0
5583,59.0
5584,52.0
5585,55.0
5586,55.0
5587,48.0
5588,43.0
5589,52.0
5590,58.0
5591,59.0
5592,57.0
5593,52.0
5594,48.0
5595,49.0
5596,55.0
5597,44.0
5598,53.0
5599,47.0
5600,57.0
5601,62.0
5602,43.0
5603,46.0
5604,62.0
5605,52.0
5606,50.0
5607,59.0
5608,62.0
5609,56.0
5610,52.0
5611,55.0
5612,47.0
5613,61.0
5614,45.0
5615,52.0
5616,54.0
5617,43.0
5618,61.0
5619,46.0
5620,52.0
5621,62.0
5622,53.0
5623,46.0
5624,52.0
5625,45.0
5626,48.0
5627,53.0
5628,49.0
5629,62.0
5630,46.0
5631,62.0
5632,46.0
5633,62.0
5634,52.0
5635,55.0
5636,55.0
5637,52.0
5638,43.0
5639,55.0
5640,49.0
5641,52.0
5642,52.0
5643,45.0
5644,60.0
5645,57.0
5646,57.0
5647,49.0
5648,52.0
5649,50.0
5650,43.0
5651,46.0
5652,57.0
5653,49.0
5654,55.0
5655,57.0
5656,52.0
5657,55.0
5658,48.0
5659,57.0
5660,55.0
5661,46.0
5662,52.0
5663,55.0
5664,43.0
5665,45.0
5666,61.0
5667,52.0
5668,49.0
5669,55.0
5670,62.0
5671,55.0
5672,45.0
5673,53.0
5674,57.0
5675,59.0
5676,52.0
5677,60.0
5678,62.0
5679,43.0
5680,46.0
5681,59.0
5682,56.0
5683,50.0
5684,52.0
5685,44.0
5686,52.0
5687,57.0
5688,62.0
5689,46.0
5690,59.0
5691,45.0
5692,55.0
5693,55.0
5694,54.0
5695,62.0
5696,59.0
5697,45.0
5698,55.0
5699,49.0
5700,43.0
5701,54.0
5702,52.0
5703,44.0
5704,47.0
5705,59.0
5706,62.0
5707,55.0
5708,58.0
5709,47.0
5710,62.0
5711,52.0
5712,50.0
5713,57.0
5714,50.0
5715,54.0
5716,61.0
5717,57.0
5718,57.0
5719,58.0
5720,62.0
5721,44.0
5722,62.0
5723,55.0
5724,43.0
5725,46.0
5726,57.0
5727,62.0
5728,45.0
5729,61.0
5730,54.0
5731,45.0
5732,48.0
5733,45.0
5734,57.0
5735,46.0
5736,62.0
5737,45.0
5738,47.0
5739,57.0
5740,46.0
5741,55.0
5742,54.0
5743,44.0
5744,55.0
5745,53.0
5746,40.0
5747,36.0
5748,34.0
5749,32.0
5750,43.0
5751,54.0
5752,53.0
5753,52.0
5754,45.0
5755,53.0
5756,56.0
5757,55.0
5758,53.0
5759,45.0
5760,45.0
5761,56.0
5762,53.0
5763,46.0
5764,43.0
5765,43.0
5766,46.0
5767,53.0
5768,56.0
5769,31.0
5770,41.0
5771,26.0
5772,15.0
5773,34.0
5774,26.0
5775,36.0
5776,26.0
5777,26.0
5778,23.0
5779,19.0
5780,15.0
5781,10.0
5782,15.0
5783,36.0
5784,32.0
5785,36.0
5786,40.0
5787,26.0
5788,15.0
5789,36.0
5790,15.0
5791,15.0
5792,21.0
5793,15.0
5794,19.0
5795,30.0
5796,38.0
5797,27.0
5798,15.0
5799,26.0
5800,15.0
5801,15.0
5802,15.0
5803,26.0
5804,21.0
5805,28.0
5806,15.0
5807,36.0
5808,33.0
5809,21.0
5810,32.0
5811,21.0
5812,38.0
5813,28.0
5814,32.0
5815,40.0
5816,40.0
5817,36.0
5818,26.0
5819,30.0
5820,32.0
5821,30.0
5822,15.0
5823,15.0
5824,38.0
5825,28.0
5826,15.0
5827,34.0
5828,27.0
5829,23.0
5830,23.0
5831,41.0
5832,22.0
5833,41.0
5834,28.0
5835,21.0
5836,26.0
5837,26.0
5838,36.0
5839,32.0
5840,24.0
5841,36.0
5842,41.0
5843,28.0
5844,30.0
5845,40.0
5846,40.0
5847,36.0
5848,37.0
5849,31.0
5850,41.0
5851,41.0
5852,40.0
5853,40.0
5854,41.0
5855,40.0
5856,31.0
5857,39.0
5858,38.0
5859,36.0
5860,30.0
5861,39.0
5862,34.0
5863,39.0
5864,40.0
5865,41.0
5866,31.0
5867,41.0
5868,39.0
5869,13.0
5870,33.0
5871,26.0
5872,40.0
5873,36.0
5874,36.0
5875,20.0
5876,34.0
5877,40.0
5878,37.0
5879,41.0
5880,33.0
5881,22.0
5882,41.0
5883,38.0
5884,33.0
5885,18.0
5886,39.0
5887,25.0
5888,34.0
5889,36.0
5890,30.0
5891,22.0
5892,36.0
5893,40.0
5894,41.0
5895,40.0
5896,38.0
5897,34.0
5898,40.0
5899,32.0
5900,33.0
5901,40.0
5902,26.0
5903,34.0
5904,40.0
5905,36.0
5906,36.0
5907,24.0
5908,24.0
5909,40.0
5910,30.0
5911,38.0
5912,38.0
5913,37.0
5914,36.0
5915,24.0
5916,38.0
5917,29.0
5918,36.0
5919,36.0
5920,38.0
5921,33.0
5922,33.0
5923,36.0
5924,40.0
5925,41.0
5926,23.0
5927,41.0
5928,32.0
5929,40.0
5930,29.0
5931,36.0
5932,41.0
5933,41.0
5934,31.0
5935,37.0
5936,38.0
5937,41.0
5938,41.0
5939,39.0
5940,41.0
5941,40.0
5942,41.0
5943,35.0
5944,19.0
5945,40.0
5946,41.0
5947,32.0
5948,31.0
5949,36.0
5950,39.0
5951,39.0
5952,40.0
5953,40.0
5954,39.0
5955,23.0
5956,41.0
5957,39.0
5958,32.0
5959,40.0
5960,41.0
5961,40.0
5962,40.0
5963,40.0
5964,40.0
5965,34.0
5966,40.0
5967,26.0
5968,43.0
5969,44.0
5970,54.0
5971,61.0
5972,62.0
5973,54.0
5974,47.0
5975,43.0
5976,45.0
5977,57.0
5978,59.0
5979,60.0
5980,54.0
5981,47.0
5982,48.0
5983,43.0
5984,49.0
5985,49.0
5986,59.0
5987,55.0
5988,57.0
5989,62.0
5990,44.0
5991,47.0
5992,55.0
5993,55.0
5994,60.0
5995,59.0
5996,57.0
5997,48.0
5998,50.0
5999,46.0
6000,53.0
6001,61.0
6002,61.0
6003,43.0
6004,59.0
6005,52.0
6006,57.0
6007,55.0
6008,61.0
6009,52.0
6010,53.0
6011,52.0
6012,44.0
6013,49.0
6014,57.0
6015,43.0
6016,44.0
6017,55.0
6018,59.0
6019,56.0
6020,47.0
6021,55.0
6022,57.0
6023,52.0
6024,56.0
6025,45.0
6026,49.0
6027,45.0
6028,50.0
6029,44.0
6030,57.0
6031,50.0
6032,46.0
6033,46.0
6034,57.0
6035,61.0
6036,60.0
6037,47.0
6038,59.0
6039,62.0
6040,60.0
6041,50.0
6042,36.0
6043,38.0
6044,41.0
6045,41.0
6046,40.0
6047,37.0
6048,23.0
6049,31.0
6050,29.0
6051,40.0
6052,31.0
6053,19.0
6054,31.0
6055,41.0
6056,33.0
6057,36.0
6058,40.0
6059,12.0
6060,32.0
6061,35.0
6062,40.0
6063,26.0
6064,41.0
6065,40.0
6066,40.0
6067,33.0
6068,35.0
6069,29.0
6070,32.0
6071,32.0
6072,32.0
6073,23.0
6074,29.0
6075,32.0
6076,26.0
6077,36.0
6078,33.0
6079,32.0
6080,38.0
6081,34.0
6082,10.0
6083,36.0
6084,29.0
6085,36.0
6086,35.0
6087,11.0
6088,40.0
6089,41.0
6090,27.0
6091,39.0
6092,35.0
6093,41.0
6094,39.0
6095,38.0
6096,36.0
6097,19.0
6098,41.0
6099,39.0
6100,41.0
6101,36.0
6102,36.0
6103,40.0
6104,41.0
6105,40.0
6106,40.0
6107,39.0
6108,37.0
6109,23.0
6110,40.0
6111,30.0
6112,36.0
6113,36.0
6114,41.0
6115,31.0
6116,26.0
6117,41.0
6118,38.0
6119,36.0
6120,40.0
6121,39.0
6122,32.0
6123,40.0
6124,36.0
6125,32.0
6126,41.0
6127,40.0
6128,40.0
6129,23.0
6130,41.0
6131,39.0
6132,36.0
6133,40.0
6134,39.0
6135,29.0
6136,23.0
6137,36.0
6138,40.0
6139,20.0
6140,32.0
6141,32.0
6142,32.0
6143,40.0
6144,21.0
6145,41.0
6146,41.0
6147,29.0
6148,36.0
6149,40.0
6150,39.0
6151,36.0
6152,41.0
6153,30.0
6154,25.0
6155,38.0
6156,32.0
6157,31.0
6158,16.0
6159,23.0
6160,39.0
6161,31.0
6162,32.0
6163,40.0
6164,36.0
6165,29.0
6166,39.0
6167,40.0
6168,40.0
6169,41.0
6170,15.0
6171,34.0
6172,38.0
6173,40.0
6174,38.0
6175,37.0
6176,29.0
6177,32.0
6178,38.0
6179,40.0
6180,40.0
6181,39.0
6182,36.0
6183,31.0
6184,33.0
6185,40.0
6186,28.0
6187,40.0
6188,32.0
6189,41.0
6190,41.0
6191,33.0
6192,32.0
6193,40.0
6194,39.0
6195,40.0
6196,38.0
6197,35.0
6198,36.0
6199,35.0
6200,36.0
6201,36.0
6202,29.0
6203,40.0
6204,36.0
6205,36.0
6206,36.0
6207,36.0
6208,40.0
6209,23.0
6210,41.0
6211,36.0
6212,32.0
6213,26.0
6214,26.0
6215,41.0
6216,25.0
6217,41.0
6218,40.0
6219,41.0
6220,26.0
6221,40.0
6222,36.0
6223,29.0
6224,31.0
6225,27.0
6226,36.0
6227,39.0
6228,34.0
6229,41.0
6230,30.0
6231,36.0
6232,41.0
6233,23.0
6234,36.0
6235,22.0
6236,30.0
6237,31.0
6238,37.0
6239,41.0
6240,40.0
6241,39.0
6242,39.0
6243,35.0
6244,0.0
6245,31.0
6246,41.0
6247,40.0
6248,39.0
6249,21.0
6250,40.0
6251,38.0
6252,34.0
6253,27.0
6254,40.0
6255,21.0
6256,34.0
6257,28.0
6258,38.0
6259,38.0
6260,40.0
6261,34.0
6262,38.0
6263,41.0
6264,24.0
6265,41.0
6266,34.0
6267,30.0
6268,27.0
6269,32.0
6270,38.0
6271,30.0
6272,35.0
6273,41.0
6274,34.0
6275,39.0
6276,32.0
6277,23.0
6278,39.0
6279,39.0
6280,41.0
6281,32.0
6282,36.0
6283,24.0
6284,40.0
6285,24.0
6286,34.0
6287,31.0
6288,34.0
6289,34.0
6290,38.0
6291,41.0
6292,41.0
6293,41.0
6294,36.0
6295,36.0
6296,39.0
6297,27.0
6298,4.0
6299,32.0
6300,41.0
6301,38.0
6302,41.0
6303,41.0
6304,37.0
6305,40.0
6306,30.0
6307,36.0
6308,19.0
6309,21.0
6310,39.0
6311,31.0
6312,41.0
6313,36.0
6314,36.0
6315,36.0
6316,32.0
6317,36.0
6318,31.0
6319,19.0
6320,36.0
6321,19.0
6322,23.0
6323,19.0
6324,34.0
6325,40.0
6326,21.0
6327,36.0
6328,36.0
6329,41.0
6330,36.0
6331,37.0
6332,41.0
6333,41.0
6334,39.0
6335,38.0
6336,41.0
6337,41.0
6338,41.0
6339,33.0
6340,39.0
6341,27.0
6342,37.0
6343,41.0
6344,36.0
6345,31.0
6346,36.0
6347,40.0
6348,36.0
6349,38.0
6350,10.0
6351,41.0
6352,40.0
6353,31.0
6354,31.0
6355,40.0
6356,31.0
6357,41.0
6358,19.0
6359,14.0
6360,36.0
6361,36.0
6362,36.0
6363,31.0
6364,35.0
6365,41.0
6366,29.0
6367,31.0
6368,27.0
6369,27.0
6370,29.0
6371,38.0
6372,34.0
6373,39.0
6374,41.0
6375,41.0
6376,37.0
6377,21.0
6378,27.0
6379,41.0
6380,28.0
6381,36.0
6382,40.0
6383,18.0
6384,40.0
6385,41.0
6386,40.0
6387,39.0
6388,21.0
6389,36.0
6390,36.0
6391,26.0
6392,31.0
6393,13.0
6394,36.0
6395,28.0
6396,28.0
6397,33.0
6398,27.0
6399,31.0
6400,38.0
6401,31.0
6402,38.0
6403,31.0
6404,36.0
6405,29.0
6406,38.0
6407,40.0
6408,28.0
6409,30.0
6410,12.0
6411,34.0
6412,32.0
6413,29.0
6414,33.0
6415,40.0
6416,41.0
6417,37.0
6418,13.0
6419,41.0
6420,41.0
6421,21.0
6422,19.0
6423,19.0
6424,34.0
6425,34.0
6426,23.0
6427,19.0
6428,23.0
6429,39.0
6430,34.0
6431,19.0
6432,36.0
6433,36.0
6434,40.0
6435,34.0
6436,36.0
6437,19.0
6438,28.0
6439,27.0
6440,31.0
6441,34.0
6442,29.0
6443,37.0
6444,36.0
6445,27.0
6446,40.0
6447,31.0
6448,29.0
6449,33.0
6450,39.0
6451,36.0
6452,27.0
6453,26.0
6454,30.0
6455,35.0
6456,32.0
6457,41.0
6458,39.0
6459,33.0
6460,32.0
6461,32.0
6462,36.0
6463,39.0
6464,31.0
6465,27.0
6466,36.0
6467,41.0
6468,31.0
6469,32.0
6470,35.0
6471,40.0
6472,33.0
6473,30.0
6474,24.0
6475,19.0
6476,27.0
6477,35.0
6478,40.0
6479,35.0
6480,41.0
6481,32.0
6482,38.0
6483,35.0
6484,40.0
6485,33.0
6486,38.0
6487,36.0
6488,32.0
6489,40.0
6490,40.0
6491,36.0
6492,40.0
6493,39.0
6494,36.0
6495,32.0
6496,41.0
6497,33.0
6498,23.0
6499,40.0
6500,24.0
6501,26.0
6502,39.0
6503,41.0
6504,32.0
6505,33.0
6506,41.0
6507,24.0
6508,35.0
6509,41.0
6510,40.0
6511,40.0
6512,40.0
6513,23.0
6514,41.0
6515,40.0
6516,39.0
6517,29.0
6518,41.0
6519,21.0
6520,41.0
6521,11.0
6522,41.0
6523,27.0
6524,39.0
6525,29.0
6526,40.0
6527,36.0
6528,38.0
6529,41.0
6530,33.0
6531,25.0
6532,41.0
6533,23.0
6534,22.0
6535,40.0
6536,32.0
6537,30.0
6538,31.0
6539,41.0
6540,31.0
6541,40.0
6542,35.0
6543,33.0
6544,36.0
6545,36.0
6546,23.0
6547,27.0
6548,34.0
6549,41.0
6550,19.0
6551,14.0
6552,32.0
6553,36.0
6554,28.0
6555,32.0
6556,30.0
6557,36.0
6558,23.0
6559,40.0
6560,40.0
6561,39.0
6562,37.0
6563,39.0
6564,32.0
6565,23.0
6566,33.0
6567,40.0
6568,41.0
6569,27.0
6570,27.0
6571,41.0
6572,27.0
6573,31.0
6574,40.0
6575,40.0
6576,40.0
6577,29.0
6578,41.0
6579,36.0
6580,36.0
6581,32.0
6582,34.0
6583,40.0
6584,31.0
6585,26.0
6586,32.0
6587,38.0
6588,29.0
6589,40.0
6590,34.0
6591,23.0
6592,40.0
6593,19.0
6594,39.0
6595,41.0
6596,36.0
6597,31.0
6598,30.0
6599,32.0
6600,34.0
6601,36.0
6602,32.0
6603,27.0
6604,36.0
6605,40.0
6606,37.0
6607,39.0
6608,32.0
6609,29.0
6610,34.0
6611,35.0
6612,39.0
6613,41.0
6614,40.0
6615,27.0
6616,35.0
6617,14.0
6618,41.0
6619,30.0
6620,38.0
6621,25.0
6622,40.0
6623,36.0
6624,36.0
6625,36.0
6626,38.0
6627,32.0
6628,34.0
6629,40.0
6630,38.0
6631,32.0
6632,29.0
6633,21.0
6634,31.0
6635,36.0
6636,32.0
6637,29.0
6638,23.0
6639,40.0
6640,41.0
6641,41.0
6642,28.0
6643,35.0
6644,40.0
6645,38.0
6646,40.0
6647,36.0
6648,38.0
6649,38.0
6650,27.0
6651,26.0
6652,39.0
6653,30.0
6654,38.0
6655,40.0
6656,19.0
6657,31.0
6658,31.0
6659,36.0
6660,40.0
6661,30.0
6662,35.0
6663,40.0
6664,34.0
6665,41.0
6666,31.0
6667,31.0
6668,40.0
6669,32.0
6670,41.0
6671,36.0
6672,29.0
6673,27.0
6674,40.0
6675,29.0
6676,37.0
6677,32.0
6678,36.0
6679,26.0
6680,39.0
6681,36.0
6682,31.0
6683,39.0
6684,38.0
6685,39.0
6686,35.0
6687,41.0
6688,38.0
6689,41.0
6690,27.0
6691,40.0
6692,36.0
6693,35.0
6694,41.0
6695,26.0
6696,26.0
6697,40.0
6698,39.0
6699,38.0
6700,41.0
6701,22.0
6702,37.0
6703,40.0
6704,14.0
6705,40.0
6706,40.0
6707,40.0
6708,36.0
6709,36.0
6710,36.0
6711,37.0
6712,39.0
6713,41.0
6714,36.0
6715,19.0
6716,41.0
6717,40.0
6718,23.0
6719,31.0
6720,40.0
6721,32.0
6722,25.0
6723,39.0
6724,41.0
6725,39.0
6726,36.0
6727,41.0
6728,41.0
6729,40.0
6730,36.0
6731,36.0
6732,36.0
6733,27.0
6734,27.0
6735,23.0
6736,36.0
6737,31.0
6738,36.0
6739,23.0
6740,40.0
6741,35.0
6742,38.0
6743,40.0
6744,36.0
6745,39.0
6746,36.0
6747,33.0
6748,31.0
6749,27.0
6750,19.0
6751,23.0
6752,26.0
6753,33.0
6754,41.0
6755,41.0
6756,41.0
6757,41.0
6758,40.0
6759,30.0
6760,36.0
6761,39.0
6762,40.0
6763,36.0
6764,41.0
6765,40.0
6766,39.0
6767,41.0
6768,41.0
6769,40.0
6770,41.0
6771,33.0
6772,36.0
6773,41.0
6774,28.0
6775,39.0
6776,40.0
6777,27.0
6778,33.0
6779,41.0
6780,41.0
6781,31.0
6782,37.0
6783,27.0
6784,31.0
6785,41.0
6786,31.0
6787,38.0
6788,39.0
6789,41.0
6790,40.0
6791,37.0
6792,36.0
6793,32.0
6794,36.0
6795,39.0
6796,36.0
6797,16.0
6798,40.0
6799,23.0
6800,41.0
6801,22.0
6802,38.0
6803,38.0
6804,40.0
6805,31.0
6806,36.0
6807,21.0
6808,41.0
6809,41.0
6810,37.0
6811,33.0
6812,30.0
6813,29.0
6814,31.0
6815,35.0
6816,36.0
6817,14.0
6818,36.0
6819,31.0
6820,38.0
6821,31.0
6822,29.0
6823,31.0
6824,33.0
6825,31.0
6826,27.0
6827,36.0
6828,37.0
6829,22.0
6830,31.0
6831,35.0
6832,37.0
6833,38.0
6834,28.0
6835,38.0
6836,26.0
6837,29.0
6838,40.0
6839,41.0
6840,30.0
6841,36.0
6842,28.0
6843,36.0
6844,31.0
6845,35.0
6846,25.0
6847,35.0
6848,29.0
6849,35.0
6850,38.0
6851,36.0
6852,41.0
6853,26.0
6854,40.0
6855,38.0
6856,36.0
6857,37.0
6858,27.0
6859,27.0
6860,40.0
6861,21.0
6862,34.0
6863,27.0
6864,36.0
6865,40.0
6866,28.0
6867,40.0
6868,33.0
6869,27.0
6870,27.0
6871,35.0
6872,31.0
6873,27.0
6874,40.0
6875,40.0
6876,40.0
6877,34.0
6878,37.0
6879,39.0
6880,35.0
6881,34.0
6882,34.0
6883,36.0
6884,19.0
6885,11.0
6886,38.0
6887,40.0
6888,36.0
6889,41.0
6890,31.0
6891,40.0
6892,36.0
6893,36.0
6894,34.0
6895,38.0
6896,30.0
6897,33.0
6898,39.0
6899,35.0
6900,41.0
6901,30.0
6902,37.0
6903,29.0
6904,23.0
6905,34.0
6906,38.0
6907,35.0
6908,26.0
6909,40.0
6910,36.0
6911,36.0
6912,19.0
6913,40.0
6914,37.0
6915,36.0
6916,23.0
6917,38.0
6918,36.0
6919,36.0
6920,35.0
6921,36.0
6922,39.0
6923,25.0
6924,29.0
6925,35.0
6926,31.0
6927,40.0
6928,40.0
6929,36.0
6930,34.0
6931,32.0
6932,35.0
6933,29.0
6934,20.0
6935,33.0
6936,36.0
6937,32.0
6938,23.0
6939,36.0
6940,26.0
6941,34.0
6942,38.0
6943,21.0
6944,34.0
6945,32.0
6946,29.0
6947,27.0
6948,38.0
6949,41.0
6950,40.0
6951,40.0
6952,36.0
6953,33.0
6954,36.0
6955,37.0
6956,36.0
6957,38.0
6958,38.0
6959,41.0
6960,32.0
6961,40.0
6962,31.0
6963,40.0
6964,40.0
6965,31.0
6966,38.0
6967,36.0
6968,38.0
6969,33.0
6970,36.0
6971,36.0
6972,36.0
6973,32.0
6974,40.0
6975,21.0
6976,38.0
6977,38.0
6978,29.0
6979,36.0
6980,36.0
6981,38.0
6982,11.0
6983,41.0
6984,35.0
6985,27.0
6986,19.0
6987,29.0
6988,37.0
6989,41.0
6990,40.0
6991,34.0
6992,38.0
6993,36.0
6994,40.0
6995,24.0
6996,23.0
6997,34.0
6998,38.0
6999,38.0
7000,36.0
7001,29.0
7002,19.0
7003,27.0
7004,22.0
7005,21.0
7006,38.0
7007,36.0
7008,36.0
7009,25.0
7010,27.0
7011,40.0
7012,36.0
7013,25.0
7014,41.0
7015,37.0
7016,39.0
7017,40.0
7018,38.0
7019,38.0
7020,15.0
7021,24.0
7022,18.0
7023,20.0
7024,37.0
7025,33.0
7026,36.0
7027,36.0
7028,31.0
7029,19.0
7030,36.0
7031,36.0
7032,34.0
7033,32.0
7034,38.0
7035,40.0
7036,26.0
7037,35.0
7038,36.0
7039,31.0
7040,30.0
7041,30.0
7042,27.0
7043,29.0
7044,37.0
7045,26.0
7046,29.0
7047,32.0
7048,10.0
7049,39.0
7050,41.0
7051,34.0
7052,41.0
7053,40.0
7054,1.0
7055,40.0
7056,40.0
7057,32.0
7058,29.0
7059,41.0
7060,31.0
7061,36.0
7062,31.0
7063,41.0
7064,36.0
7065,40.0
7066,33.0
7067,41.0
7068,38.0
7069,40.0
7070,31.0
7071,40.0
7072,40.0
7073,32.0
7074,24.0
7075,37.0
7076,30.0
7077,40.0
7078,32.0
7079,41.0
7080,19.0
7081,36.0
7082,41.0
7083,40.0
7084,41.0
7085,26.0
7086,41.0
7087,40.0
7088,32.0
7089,38.0
7090,37.0
7091,40.0
7092,40.0
7093,39.0
7094,41.0
7095,32.0
7096,37.0
7097,39.0
7098,25.0
7099,40.0
7100,36.0
7101,23.0
7102,38.0
7103,24.0
7104,37.0
7105,23.0
7106,36.0
7107,35.0
7108,36.0
7109,39.0
7110,40.0
7111,39.0
7112,36.0
7113,39.0
7114,40.0
7115,40.0
7116,40.0
7117,41.0
7118,36.0
7119,26.0
7120,29.0
7121,31.0
7122,31.0
7123,31.0
7124,31.0
7125,31.0
7126,31.0
7127,19.0
7128,33.0
7129,32.0
7130,36.0
7131,36.0
7132,32.0
7133,30.0
7134,36.0
7135,34.0
7136,40.0
7137,40.0
7138,35.0
7139,37.0
7140,38.0
7141,40.0
7142,21.0
7143,31.0
7144,40.0
7145,33.0
7146,33.0
7147,39.0
7148,39.0
7149,25.0
7150,26.0
7151,37.0
7152,33.0
7153,36.0
7154,41.0
7155,40.0
7156,39.0
7157,36.0
7158,39.0
7159,35.0
7160,40.0
7161,38.0
7162,32.0
7163,24.0
7164,33.0
7165,33.0
7166,40.0
7167,38.0
7168,40.0
7169,36.0
7170,21.0
7171,31.0
7172,10.0
7173,23.0
7174,36.0
7175,39.0
7176,40.0
7177,36.0
7178,36.0
7179,36.0
7180,39.0
7181,39.0
7182,32.0
7183,40.0
7184,32.0
7185,34.0
7186,36.0
7187,27.0
7188,36.0
7189,37.0
7190,27.0
7191,27.0
7192,33.0
7193,29.0
7194,26.0
7195,28.0
7196,32.0
7197,35.0
7198,28.0
7199,12.0
7200,34.0
7201,19.0
7202,31.0
7203,30.0
7204,40.0
7205,35.0
7206,36.0
7207,36.0
7208,36.0
7209,38.0
7210,30.0
7211,26.0
7212,32.0
7213,35.0
7214,32.0
7215,35.0
7216,31.0
7217,29.0
7218,36.0
7219,20.0
7220,34.0
7221,26.0
7327,37.0
7328,31.0
7329,33.0
7330,39.0
7331,40.0
7332,29.0
7333,36.0
7334,27.0
